Customer_ID,snapshot_date,Age,age_group,occupation_category,Annual_Income,Monthly_Inhand_Salary,Num_Bank_Accounts,Num_Credit_Card,Interest_Rate,Num_of_Loan,Delay_from_due_date,Num_of_Delayed_Payment,Changed_Credit_Limit,Num_Credit_Inquiries,Outstanding_Debt,Credit_Utilization_Ratio,Credit_History_Age,Total_EMI_per_month,Amount_invested_monthly,Monthly_Balance,debt_to_income_ratio,monthly_debt_service_ratio,investment_rate,credit_utilization_category,financial_risk_score,prediction_proba,prediction_label
CUS_0x1000,2023-05-01,4,4,3,212,205,7,6,19,2,57,19,46,11,149,30.07719,14,282,396,400.3608,348,103,152,0,6,0.2615029108684712,0
CUS_0x108a,2023-05-01,24,1,0,277,178,8,10,13,9,15,7,260,15,483,32.002995,242,427,245,84.70884,470,420,415,0,4,0.30277643403166676,0
CUS_0x10f9,2023-05-01,40,2,2,507,23,6,0,28,0,8,0,383,0,29,45.255806,190,427,157,1328.9382,470,420,66,0,2,0.22105626257420372,0
CUS_0x1119,2023-05-01,22,1,1,353,323,11,6,18,2,15,10,142,14,212,37.381496,44,308,262,378.4187,304,58,328,0,4,0.2868143831903909,0
CUS_0x1192,2023-05-01,43,3,1,92,84,8,3,0,2,16,5,388,9,66,31.404446,130,94,40,303.2638,392,53,348,0,5,0.3357169095038981,0
CUS_0x11b1,2023-05-01,14,0,2,257,202,12,3,1,1,14,4,389,4,459,37.69817,72,173,67,380.57025,241,34,263,0,4,0.2548677278487724,0
CUS_0x12a7,2023-05-01,23,1,1,179,143,6,7,12,4,24,10,95,1,473,26.399803,168,368,163,354.6989,295,274,12,0,5,0.29505252914326147,0
CUS_0x12a9,2023-05-01,30,1,1,324,277,1,4,11,4,10,25,28,0,414,30.058125,132,61,0,370.42072,170,296,148,0,4,0.3002389769721022,0
CUS_0x1340,2023-05-01,28,1,5,300,263,5,8,30,2,9,0,334,2,48,33.44434,105,341,391,462.88312,257,133,100,0,2,0.29414735836735106,0
CUS_0x13d1,2023-05-01,8,4,4,166,99,6,7,30,3,19,24,330,9,95,30.789167,149,266,186,205.15508,365,188,436,0,4,0.23751623610311232,0
CUS_0x13eb,2023-05-01,16,0,0,491,471,8,11,18,6,17,11,185,12,183,36.575302,32,277,411,250.57443,450,355,402,0,5,0.28918221082549866,0
CUS_0x14ba,2023-05-01,6,4,0,454,413,11,6,18,7,12,8,295,9,171,39.143494,40,270,194,337.92056,212,380,180,0,6,0.38261857692125895,0
CUS_0x1577,2023-05-01,9,4,4,285,250,7,7,24,6,31,18,262,12,483,23.16132,215,111,196,188.0604,470,370,333,0,6,0.19871154157651955,0
CUS_0x1616,2023-05-01,19,0,5,254,194,8,4,23,5,20,27,182,5,175,37.681255,228,17,274,370.70462,347,316,37,0,5,0.196747398562448,0
CUS_0x168d,2023-05-01,20,0,1,494,446,4,7,2,4,12,2,345,4,371,31.190071,166,130,413,754.9053,5,195,21,0,4,0.23696703945056502,0
CUS_0x1735,2023-05-01,6,4,3,466,432,0,4,11,0,3,24,390,9,400,26.91445,94,0,4,855.7221,7,0,49,0,4,0.2530732404173551,0
CUS_0x1786,2023-05-01,9,4,1,423,387,7,3,2,10,25,4,47,5,22,38.986324,68,0,165,662.7945,157,0,172,0,5,0.28607547397255056,0
CUS_0x17a9,2023-05-01,25,1,4,459,431,2,7,15,7,36,17,245,8,483,40.079205,228,427,69,339.77408,470,420,73,0,6,0.2357306419185129,0
CUS_0x17b0,2023-05-01,7,4,5,314,296,9,7,4,0,21,4,401,4,43,24.784544,73,0,131,486.64963,244,0,241,0,5,0.3007339668275523,0
CUS_0x17c4,2023-05-01,13,0,0,101,60,2,1,8,9,54,9,174,7,332,31.742445,2,427,115,208.00847,453,420,417,0,6,0.2302055773906202,0
CUS_0x1854,2023-05-01,13,0,3,213,177,4,6,0,2,17,12,451,2,301,37.175808,118,291,197,259.06097,10,121,386,0,3,0.26443576940494795,0
CUS_0x1962,2023-05-01,22,1,4,244,203,5,7,11,3,8,6,138,9,40,34.68918,52,256,27,353.02283,287,414,224,0,4,0.24029947573659385,0
CUS_0x1a87,2023-05-01,21,1,4,10,478,8,3,5,10,12,6,439,8,97,41.353127,13,427,404,885.7982,12,420,11,0,4,0.2753461371787681,0
CUS_0x1b07,2023-05-01,21,1,5,116,104,5,7,5,1,29,7,69,3,293,37.162605,72,22,350,353.93863,177,21,203,0,5,0.21409042296686065,0
CUS_0x1b0c,2023-05-01,27,1,1,342,310,8,8,23,7,40,17,234,8,325,33.258934,10,199,256,135.20505,382,385,344,0,4,0.24244837816618495,0
CUS_0x1bf1,2023-05-01,41,2,3,507,302,6,8,31,1,4,26,386,2,369,38.09666,96,263,238,382.95267,470,38,323,0,4,0.24299174466928025,0
CUS_0x1c57,2023-05-01,31,1,3,391,373,4,4,5,4,9,2,215,6,316,30.549704,195,97,3,556.94574,57,229,72,0,5,0.23722817190843362,0
CUS_0x1cf3,2023-05-01,24,1,1,389,375,4,11,12,4,6,2,308,9,388,26.853956,165,116,78,532.8138,104,244,102,0,5,0.274517631110404,0
CUS_0x1d46,2023-05-01,29,1,3,480,436,0,2,22,4,8,22,361,8,119,24.950897,111,101,191,630.58356,169,187,154,0,3,0.22899196471749864,0
CUS_0x1db4,2023-05-01,24,1,4,25,506,9,8,31,4,15,5,355,0,111,30.178072,152,200,447,543.408,137,209,443,0,5,0.23927291205034687,0
CUS_0x1e41,2023-05-01,20,0,3,49,28,5,6,2,2,7,24,231,3,75,36.492355,211,27,118,1119.7877,117,44,40,0,4,0.2650882797623339,0
CUS_0x1e96,2023-05-01,15,0,2,104,96,2,8,16,8,50,7,394,8,483,29.185747,218,415,60,236.55421,470,379,359,0,6,0.20613968491540163,0
CUS_0x1ecf,2023-05-01,43,3,3,147,81,8,7,19,9,41,13,249,7,483,30.810093,88,25,75,181.67535,470,399,380,0,4,0.25513418346391936,0
CUS_0x1ee3,2023-05-01,21,1,3,86,10,11,9,18,9,57,16,425,9,260,36.150715,55,342,91,196.469,441,386,433,0,6,0.19175752530416149,0
CUS_0x1ef1,2023-05-01,16,0,3,210,159,9,3,29,10,7,7,335,8,461,29.05775,128,284,16,375.30817,261,134,251,0,4,0.29027071688607003,0
CUS_0x1f87,2023-05-01,16,0,0,195,169,9,7,2,2,19,10,124,10,286,25.34141,6,225,385,397.1282,115,66,157,0,5,0.31282749163643175,0
CUS_0x1fe3,2023-05-01,14,0,1,431,407,9,8,16,7,58,7,400,10,483,28.871418,246,265,447,432.87302,470,371,443,0,6,0.30144282304112374,0
CUS_0x203c,2023-05-01,12,0,5,334,304,8,6,8,9,31,5,263,15,319,35.87391,240,427,444,279.37018,384,420,116,0,4,0.2748541433352928,0
CUS_0x2043,2023-05-01,15,0,1,322,271,9,8,34,4,18,3,111,8,262,37.696907,79,60,173,373.58795,362,297,293,0,5,0.2780841464320671,0
CUS_0x20bf,2023-05-01,9,4,5,173,66,6,7,5,3,18,8,18,6,468,32.907322,113,214,139,249.57748,319,419,424,0,5,0.21894435470041618,0
CUS_0x20da,2023-05-01,19,0,4,6,468,6,4,28,0,7,27,412,5,192,29.553644,209,0,172,876.0903,19,0,115,0,4,0.2093188540861268,0
CUS_0x21fa,2023-05-01,23,1,1,197,201,6,4,8,3,19,3,102,4,444,29.468327,240,293,394,394.55182,252,113,155,0,4,0.28159365340099196,0
CUS_0x221f,2023-05-01,14,0,5,130,73,2,9,14,9,35,14,272,13,483,33.174957,180,64,303,251.21783,470,411,135,0,6,0.20621084640026743,0
CUS_0x2240,2023-05-01,14,0,1,55,58,5,8,3,2,13,10,444,6,384,39.05413,18,52,124,257.99606,316,42,421,0,5,0.2513702901520593,0
CUS_0x2242,2023-05-01,25,1,0,291,270,7,7,8,2,27,10,192,15,217,36.486656,22,283,388,472.09747,356,70,91,0,5,0.3019402754384504,0
CUS_0x226a,2023-05-01,9,4,5,56,485,5,11,33,2,3,10,135,4,303,38.69434,92,36,297,328.7235,218,78,242,0,5,0.20520881912566558,0
CUS_0x2296,2023-05-01,19,0,2,427,406,5,0,31,2,11,24,57,4,166,30.830898,97,1,188,589.30725,22,96,178,0,4,0.17966577681969753,0
CUS_0x22e0,2023-05-01,29,1,5,107,39,8,9,15,10,20,16,23,8,110,29.722137,50,3,408,209.96452,395,405,319,0,6,0.2746257451175263,0
CUS_0x2350,2023-05-01,23,1,5,17,503,5,4,10,2,27,27,393,5,343,29.7546,169,418,254,799.0833,42,41,175,0,5,0.2655211557529965,0
CUS_0x23ae,2023-05-01,10,4,0,258,221,4,10,12,5,28,7,140,7,200,25.126314,50,372,9,362.76465,357,205,197,0,5,0.2926931411184721,0
CUS_0x2408,2023-05-01,16,0,4,473,497,8,7,13,8,35,17,365,12,229,31.838297,42,278,302,291.7491,459,340,236,0,6,0.2826405256422197,0
CUS_0x2473,2023-05-01,18,0,3,388,371,7,4,19,7,24,2,148,10,72,38.346436,28,187,82,449.5352,197,319,103,0,5,0.2993743531843806,0
CUS_0x247b,2023-05-01,31,1,3,191,182,5,3,22,2,7,1,315,3,264,29.13093,95,294,401,383.5102,107,120,167,0,3,0.28671837637947334,0
CUS_0x24cf,2023-05-01,7,4,3,186,150,7,6,3,4,8,6,241,9,308,36.209557,55,397,231,350.76645,131,295,26,0,5,0.3381999956660949,0
CUS_0x24fc,2023-05-01,8,4,1,172,139,0,8,33,3,22,1,317,4,479,33.72403,81,276,63,321.90073,332,162,312,0,3,0.2683776733498116,0
CUS_0x2567,2023-05-01,35,1,3,253,225,4,4,1,0,11,3,397,1,363,33.38085,105,0,278,247.84981,155,0,422,0,4,0.3268797914173905,0
CUS_0x258b,2023-05-01,10,4,3,387,353,0,7,0,2,29,2,372,2,283,35.513554,81,391,119,558.7602,46,89,145,0,4,0.2989810968989613,0
CUS_0x26d0,2023-05-01,31,1,2,355,339,4,7,29,2,2,24,84,4,204,26.029202,62,332,369,616.53656,39,69,45,0,4,0.2613735079868423,0
CUS_0x270e,2023-05-01,5,4,0,76,79,2,8,17,9,59,7,253,7,292,26.610155,4,356,162,183.06386,448,336,429,0,6,0.228784586772743,0
CUS_0x2777,2023-05-01,18,0,3,364,336,5,4,7,7,24,27,183,10,10,30.64492,32,155,338,473.26562,183,318,22,0,5,0.20259381543157573,0
CUS_0x2803,2023-05-01,17,0,1,280,256,6,4,6,4,16,13,124,8,15,36.509583,56,373,234,468.61917,249,185,4,0,5,0.2640470980237255,0
CUS_0x280b,2023-05-01,13,0,5,259,241,1,8,0,2,1,28,221,6,116,38.35118,191,253,150,374.30875,45,60,295,0,2,0.24838357248168613,0
CUS_0x282a,2023-05-01,1,4,5,424,464,7,4,5,2,13,23,107,2083,254,31.208422,256,329,389,291.13586,465,25,392,0,3,0.28736579320610045,0
CUS_0x2879,2023-05-01,28,1,3,478,355,11,1,10,8,57,13,259,12,483,39.262222,180,305,280,260.78806,470,410,311,0,4,0.2785546909067104,0
CUS_0x2950,2023-05-01,32,1,5,235,192,0,11,29,1,14,24,334,1,92,38.155064,210,105,146,336.3973,311,15,313,0,4,0.19970742213018322,0
CUS_0x295f,2023-05-01,8,4,5,139,130,5,2,32,4,3,23,443,2,240,38.263443,144,427,209,369.15463,141,420,36,0,3,0.23307544162987742,0
CUS_0x2976,2023-05-01,13,0,1,204,151,7,6,5,3,7,11,446,4,476,32.19638,173,376,170,240.541,274,267,387,0,5,0.24353093149671295,0
CUS_0x2a08,2023-05-01,29,1,3,149,132,7,7,8,6,21,10,224,6,250,32.90948,99,343,222,337.30515,422,269,42,0,6,0.301448756722954,0
CUS_0x2a83,2023-05-01,8,4,3,54,30,7,8,4,3,27,2,396,2,289,24.88935,162,255,447,468.43146,20,230,443,0,5,0.29608171914178766,0
CUS_0x2a9a,2023-05-01,17,0,5,4,470,3,6,2,1,6,22,81,0,90,37.473305,210,316,447,482.27133,145,11,443,0,3,0.3130940932956673,0
CUS_0x2ad6,2023-05-01,3,4,3,404,457,2,6,27,6,15,18,265,9,278,33.33361,249,260,367,266.01248,467,331,384,0,6,0.2912164903708605,0
CUS_0x2b94,2023-05-01,34,1,3,176,140,6,7,4,3,26,4,15,3,410,32.423378,169,322,145,263.53314,256,225,383,0,4,0.23590320509472268,0
CUS_0x2c18,2023-05-01,5,4,4,352,324,7,10,14,6,52,8,119,15,219,27.605532,239,166,161,309.59338,310,342,230,0,4,0.22877928824077562,0
CUS_0x2c54,2023-05-01,38,2,2,339,309,9,4,32,4,12,6,37,5,74,23.129925,133,86,237,275.57202,26,281,309,0,5,0.29500281953269625,0
CUS_0x2c6a,2023-05-01,25,1,0,506,476,0,3,32,1,6,22,80,6,374,34.680107,201,352,138,876.18756,56,24,78,0,3,0.2524205613479941,0
CUS_0x2c87,2023-05-01,41,2,0,234,171,4,3,5,3,29,11,61,3,373,27.77847,143,369,93,331.98795,166,238,282,0,4,0.2501446685109245,0
CUS_0x2c99,2023-05-01,5,4,0,499,501,11,6,18,7,47,13,29,12,249,30.544353,17,314,33,221.25587,457,377,423,0,4,0.22659527699446944,0
CUS_0x2cb1,2023-05-01,12,0,3,312,259,9,8,22,4,17,4,70,4,281,34.810177,129,19,275,435.7166,72,259,14,0,5,0.22781730831809616,0
CUS_0x2db7,2023-05-01,13,0,3,338,307,6,6,4,2,6,27,87,3,279,33.9535,146,338,322,548.8256,60,90,20,0,5,0.29865097962909737,0
CUS_0x2dd5,2023-05-01,39,2,1,432,409,1,2,1,10,-2,22,3,3,6,36.34605,102,18,447,507.49213,147,108,443,0,3,0.2459668143240269,0
CUS_0x2deb,2023-05-01,7,4,0,341,312,4,8,6,2,7,27,184,7,107,26.136913,65,330,447,450.84335,245,82,443,0,5,0.31360735815680585,0
CUS_0x2e5e,2023-05-01,16,0,3,88,61,1,7,1,4,15,12,343,1,2,35.256996,102,230,151,220.91281,370,179,434,0,3,0.28736638124453023,0
CUS_0x2ed7,2023-05-01,14,0,1,344,320,9,1,19,6,19,10,406,7,100,30.511408,51,197,325,394.89926,239,374,16,0,6,0.30514221615895726,0
CUS_0x2ff6,2023-05-01,21,1,3,38,0,8,3,2,4,15,6,52,3,405,37.826756,107,222,46,277.49997,355,236,419,0,5,0.2687019496055976,0
CUS_0x3023,2023-05-01,15,0,4,230,204,11,6,20,7,20,8,278,12,483,30.234688,87,31,331,344.80017,470,326,74,0,6,0.2814225322225619,0
CUS_0x3077,2023-05-01,16,0,3,228,181,7,8,20,5,45,3,429,6,207,31.682539,40,7,447,302.83093,372,311,443,0,4,0.19915420178970053,0
CUS_0x3091,2023-05-01,20,0,5,435,410,7,8,26,5,14,10,106,9,156,28.94007,18,221,447,189.9167,206,328,443,0,5,0.26631894874521417,0
CUS_0x30f7,2023-05-01,21,1,0,269,230,4,8,5,2,24,5,212,6,380,37.36521,40,295,361,434.47488,168,97,98,0,4,0.30520083977949686,0
CUS_0x3191,2023-05-01,7,4,1,483,442,6,6,0,3,15,25,219,2,394,28.406414,78,113,447,88.579636,78,189,443,0,4,0.23053978622907795,0
CUS_0x31d5,2023-05-01,43,3,3,83,50,0,4,28,0,10,0,39,9,73,39.432106,144,0,126,261.45538,397,0,428,0,2,0.2766094550489837,0
CUS_0x3201,2023-05-01,12,0,3,264,220,5,6,7,2,9,6,320,2,43,33.649967,206,237,315,473.6782,280,57,52,0,5,0.2531136582301752,0
CUS_0x32b8,2023-05-01,37,2,5,164,118,5,2,31,1,1,21,414,4,59,30.590889,176,107,18,341.15265,359,47,304,0,3,0.21660096365849885,0
CUS_0x3319,2023-05-01,13,0,2,294,280,4,3,29,3,1,0,360,2,431,33.812656,152,334,337,494.4808,201,117,51,0,2,0.24576392476744427,0
CUS_0x333e,2023-05-01,11,0,5,347,316,7,8,25,9,56,15,180,8,483,40.911114,259,427,447,315.57983,470,420,443,0,6,0.15397975827526036,0
CUS_0x3340,2023-05-01,7,4,0,497,454,3,6,22,4,16,4,446,1,12,37.206177,173,129,438,753.8629,11,191,32,0,4,0.21602328935600848,0
CUS_0x347b,2023-05-01,16,0,3,115,83,7,6,24,5,16,14,409,7,179,30.130201,16,321,116,239.02936,412,277,403,0,4,0.22352659075584472,0
CUS_0x3489,2023-05-01,33,1,4,12,488,3,6,3,4,7,21,348,2,318,37.280743,57,143,313,586.7929,36,170,252,0,3,0.2698308871851019,0
CUS_0x34c9,2023-05-01,21,1,1,409,331,7,10,8,8,61,14,5,9,288,36.492573,181,280,259,264.05267,468,409,316,0,6,0.2985905715314485,0
CUS_0x34ed,2023-05-01,26,1,0,151,136,5,6,30,2,9,23,304,4,49,37.3638,124,181,397,368.51758,363,67,222,0,3,0.26750889730869803,0
CUS_0x3507,2023-05-01,6,4,3,366,319,7,1,8,4,40,7,77,11,172,30.093267,225,427,264,130.61737,254,420,342,0,5,0.2280313708478048,0
CUS_0x35bd,2023-05-01,20,0,1,507,74,8,7,18,6,56,10,102,8,213,29.96472,18,382,35,299.06412,470,365,2,0,4,0.2628506578575943,0
CUS_0x35cb,2023-05-01,28,1,0,443,402,6,3,22,1,14,26,364,1,197,24.167356,60,272,187,641.05646,24,9,182,0,4,0.2261038977204009,0
CUS_0x35e6,2023-05-01,26,1,2,255,239,12,7,1,5,18,5,114,7,233,32.239815,71,32,334,382.52954,378,307,67,0,4,0.3319783109450591,0
CUS_0x36b4,2023-05-01,30,1,4,102,110,9,3,2,4,24,26,443,6,275,37.723473,119,311,352,315.59048,165,248,200,0,5,0.3023381093383562,0
CUS_0x3768,2023-05-01,18,0,0,109,54,9,8,28,0,3,8,55,6,84,25.468582,49,0,7,317.13776,388,0,363,0,4,0.24979946167275724,0
CUS_0x3777,2023-05-01,42,2,3,262,231,9,4,33,2,26,7,54,0,285,36.311577,197,427,228,280.2598,89,420,372,0,5,0.22365606696756682,0
CUS_0x37e3,2023-05-01,6,4,1,46,38,8,8,30,2,26,11,79,6,291,26.851744,171,38,283,324.58255,221,49,153,0,4,0.24667067623961647,0
CUS_0x3866,2023-05-01,14,0,0,158,129,4,6,12,5,29,9,187,8,232,34.80851,82,319,247,352.22223,420,234,62,0,5,0.2714528176571423,0
CUS_0x38c1,2023-05-01,10,4,1,220,185,11,1,7,6,15,15,359,14,247,25.076998,31,393,217,233.07887,394,254,390,0,4,0.2678594575139639,0
CUS_0x3910,2023-05-01,27,1,4,378,367,4,6,7,2,20,25,28,1,41,30.282635,164,359,447,297.4421,186,71,443,0,5,0.284875798460353,0
CUS_0x3913,2023-05-01,14,0,0,5,480,9,4,30,4,25,5,283,1,387,23.339542,136,215,447,274.74313,65,258,443,0,4,0.2644426748276099,0
CUS_0x39d4,2023-05-01,31,1,5,422,394,9,8,9,7,37,8,0,10,163,30.364965,54,427,447,65.311165,223,420,443,0,6,0.3138945560510178,0
CUS_0x3a0b,2023-05-01,35,1,0,507,507,0,11,32,1,8,1,33,4,382,24.753971,84,405,447,505.82797,470,420,443,0,3,0.31237441601498317,0
CUS_0x3b2b,2023-05-01,19,0,4,169,111,8,6,32,3,8,10,120,13,361,27.972757,219,262,296,335.87384,224,165,101,0,4,0.3230124896278293,0
CUS_0x3b36,2023-05-01,30,1,3,445,408,1,8,28,0,0,0,64,9,103,27.766867,142,0,447,477.9698,182,0,443,0,2,0.32924826655249945,0
CUS_0x3b89,2023-05-01,5,4,1,119,106,2,9,10,7,27,11,357,13,321,27.00074,43,340,281,328.57544,449,294,89,0,4,0.2995621826317977,0
CUS_0x3bb8,2023-05-01,22,1,2,303,260,11,8,21,10,62,16,34,12,143,39.834293,5,152,447,150.28023,297,382,443,0,6,0.19047678505499682,0
CUS_0x3be2,2023-05-01,19,0,3,412,380,5,1,23,4,8,4,181,16,180,35.774956,66,118,59,533.5011,235,241,87,0,5,0.2798840529917454,0
CUS_0x3c09,2023-05-01,4,4,4,248,162,5,3,12,5,13,7,432,8,408,27.16433,80,427,242,375.25998,207,420,25,0,5,0.23719131417501876,0
CUS_0x3c46,2023-05-01,1,4,2,408,390,4,11,3,2,27,3,195,7,402,38.11526,99,337,319,498.8679,109,46,336,0,5,0.34176182056170773,0
CUS_0x3d26,2023-05-01,8,4,3,182,166,8,3,1,2,9,8,209,7,436,28.813515,85,264,406,379.63846,266,84,188,0,5,0.33604614296565916,0
CUS_0x3d51,2023-05-01,7,4,1,260,226,7,4,28,0,13,14,82,6,38,38.87803,152,0,409,459.8455,279,0,149,0,4,0.23962176193706156,0
CUS_0x3d9c,2023-05-01,36,2,4,146,115,6,6,32,1,2,0,376,2,378,34.673977,185,71,199,374.1643,250,29,43,0,2,0.23584118853445632,0
CUS_0x3de0,2023-05-01,14,0,1,243,233,4,7,3,3,6,26,292,0,366,31.977089,112,386,96,343.2283,160,211,257,0,4,0.3250491714505458,0
CUS_0x3f18,2023-05-01,27,1,3,218,213,7,7,30,7,27,10,408,8,188,25.313837,32,92,289,327.80698,67,376,38,0,5,0.2726470784232585,0
CUS_0x3f6,2023-05-01,42,2,1,369,346,7,7,11,3,29,10,356,3,480,33.21167,119,14,447,233.00217,172,155,443,0,4,0.2244275686801548,0
CUS_0x3f9,2023-05-01,13,0,3,120,51,9,8,15,3,29,18,285,7,106,25.583563,69,229,12,285.07584,390,193,367,0,6,0.33482095135213896,0
CUS_0x404d,2023-05-01,14,0,3,361,337,2,1,23,8,65,16,247,15,483,32.211765,40,198,293,145.58192,470,362,347,0,4,0.18202890801965896,0
CUS_0x40a3,2023-05-01,29,1,3,368,341,1,9,29,0,28,1,298,4,61,30.114285,125,0,28,634.95026,209,0,97,0,3,0.29948265777905714,0
CUS_0x4122,2023-05-01,21,1,2,250,183,4,4,30,1,21,2,449,3,418,24.829174,112,160,54,379.13025,214,28,258,0,4,0.27709342607786286,0
CUS_0x412f,2023-05-01,9,4,1,198,196,7,8,27,5,15,14,255,14,311,36.958176,217,29,244,165.816,419,330,407,0,6,0.23647414354139346,0
CUS_0x417b,2023-05-01,24,1,5,200,176,2,1,24,5,18,8,235,16,184,34.368244,225,427,252,357.1371,369,420,30,0,6,0.2465863195368003,0
CUS_0x4182,2023-05-01,27,1,0,185,170,9,4,30,2,21,26,223,0,452,28.489069,196,259,372,397.42825,270,81,142,0,5,0.2809155207413674,0
CUS_0x41c9,2023-05-01,38,2,4,441,400,1,0,30,3,7,23,387,8,347,36.406704,152,24,447,248.4365,61,119,443,0,3,0.2137647885682495,0
CUS_0x41de,2023-05-01,27,1,0,112,105,2,6,8,6,23,27,451,12,220,40.50493,254,377,445,281.73404,425,338,301,0,5,0.2875029030520188,0
CUS_0x41fa,2023-05-01,40,2,5,194,156,6,4,29,4,0,0,238,6,60,24.883768,69,375,356,341.0682,326,261,141,0,2,0.32938499031842916,0
CUS_0x42d2,2023-05-01,0,4,3,289,240,9,8,20,6,31,15,366,6,169,37.36494,86,62,323,361.77737,331,334,54,0,4,0.27378679307445747,0
CUS_0x4318,2023-05-01,17,0,5,239,198,7,4,33,0,8,4,321,1,34,26.113174,205,0,21,429.75372,285,0,223,0,4,0.2840529278384894,0
CUS_0x434c,2023-05-01,26,1,3,474,437,4,8,30,2,10,12,6,8,406,36.91373,101,4,347,824.4026,87,77,3,0,3,0.24348521617964328,0
CUS_0x4389,2023-05-01,20,0,3,156,138,9,6,3,2,30,27,129,3,446,32.691505,76,205,403,378.98743,315,76,232,0,5,0.22454813464953646,0
CUS_0x43a7,2023-05-01,18,0,3,225,184,8,1,21,9,38,10,242,15,261,21.923973,237,128,241,99.1207,396,395,408,0,6,0.24803976976586095,0
CUS_0x440f,2023-05-01,9,4,0,123,98,0,3,22,3,8,23,344,4,385,34.644688,127,261,38,273.74374,275,174,335,0,3,0.22898198886472237,0
CUS_0x443a,2023-05-01,13,0,0,429,443,6,4,1,3,19,26,145,9,56,28.399117,78,427,261,320.26175,442,420,237,0,5,0.28742163687068417,0
CUS_0x446b,2023-05-01,16,0,1,30,1,6,8,30,3,28,9,363,6,451,25.383547,202,138,88,238.84503,386,146,437,0,5,0.25442769411505595,0
CUS_0x4480,2023-05-01,14,0,4,79,89,11,9,18,7,26,13,266,11,271,36.002598,40,351,79,248.27965,444,324,378,0,6,0.23821371585763637,0
CUS_0x44a4,2023-05-01,24,1,2,354,325,9,9,34,7,41,17,281,10,246,31.845781,37,131,301,479.19296,333,310,5,0,4,0.32406886393882883,0
CUS_0x44bb,2023-05-01,21,1,4,446,424,5,11,32,0,26,2,362,3,26,44.04255,159,0,433,832.9877,151,0,41,0,4,0.22063534386983236,0
CUS_0x453a,2023-05-01,31,1,3,168,135,8,6,4,4,11,7,331,5,42,29.483875,228,336,80,262.05313,350,257,320,0,5,0.3239603616949605,0
CUS_0x45db,2023-05-01,36,2,4,470,429,9,4,10,2,8,7,132,2,191,32.822144,150,65,271,497.67258,0,143,264,0,4,0.24341669412336184,0
CUS_0x4636,2023-05-01,43,3,5,357,332,7,3,8,3,12,4,384,4,65,37.092236,82,371,447,210.30142,216,94,443,0,5,0.27109458172348094,0
CUS_0x4638,2023-05-01,11,0,4,337,308,2,8,27,4,28,9,193,13,266,27.516539,60,41,349,476.10135,354,235,53,0,5,0.2858228664552689,0
CUS_0x464f,2023-05-01,29,1,1,171,141,6,3,30,4,14,2,92,10,413,28.307495,85,313,399,332.8707,277,208,212,0,4,0.2540436083058415,0
CUS_0x46d2,2023-05-01,22,1,3,437,489,9,7,17,8,34,17,276,13,483,32.181744,232,267,32,234.25389,470,314,426,0,6,0.2229980334974867,0
CUS_0x4750,2023-05-01,14,0,5,493,491,8,1,27,5,53,18,377,15,157,26.528267,36,252,405,256.15457,443,286,389,0,6,0.23705827562763582,0
CUS_0x482d,2023-05-01,10,4,5,163,108,5,4,31,3,3,27,237,1,376,23.419977,74,279,250,346.34833,240,201,71,0,4,0.27428392897036585,0
CUS_0x48cc,2023-05-01,26,1,1,190,155,8,8,33,3,10,13,208,8,113,35.73812,17,362,109,274.93195,344,249,310,0,5,0.2851186504506769,0
CUS_0x4969,2023-05-01,26,1,2,503,463,1,7,33,0,7,1,318,9,391,42.497215,199,0,72,933.7825,70,0,63,0,3,0.2747199052665833,0
CUS_0x49fe,2023-05-01,26,1,5,140,100,7,7,20,2,27,9,60,8,160,28.242216,37,231,34,312.20227,399,136,327,0,5,0.29254151799268935,0
CUS_0x4a9c,2023-05-01,25,1,1,241,235,3,4,33,2,7,2,282,3,398,28.918196,194,246,431,438.59695,196,55,162,0,4,0.2942904786046312,0
CUS_0x4bbb,2023-05-01,10,4,3,318,274,8,8,15,6,27,13,130,10,141,37.904,96,102,55,314.83575,282,348,192,0,6,0.29134534750791674,0
CUS_0x4be1,2023-05-01,21,1,3,105,82,7,8,12,5,23,14,270,11,483,34.52581,238,346,371,277.74734,470,323,255,0,4,0.2537316277955,0
CUS_0x4ceb,2023-05-01,23,1,5,380,343,7,3,32,6,16,25,123,7,362,21.48489,72,427,447,186.4615,86,420,443,0,4,0.23645491299019067,0
CUS_0x4d33,2023-05-01,28,1,3,447,417,7,6,24,4,37,17,406,13,144,34.099125,226,207,37,540.8006,193,308,68,0,6,0.23752512474432438,0
CUS_0x4d3d,2023-05-01,43,3,2,440,405,5,7,15,5,25,13,143,1196,173,25.268423,26,243,193,365.0757,217,356,185,0,5,0.32241645127936813,0
CUS_0x4d6d,2023-05-01,30,1,2,471,439,5,8,2,4,19,25,302,4,356,35.96963,134,220,447,539.00684,59,292,443,0,4,0.3355644898792102,0
CUS_0x4da0,2023-05-01,27,1,3,421,399,6,8,33,3,28,14,430,2,474,41.608315,129,26,211,555.4934,144,127,205,0,4,0.2168698234562687,0
CUS_0x4dcd,2023-05-01,42,2,0,419,388,9,4,6,1,21,5,358,2,426,28.371689,118,236,200,615.62885,127,2,202,0,4,0.268609386682053,0
CUS_0x4e14,2023-05-01,36,2,5,453,372,1,8,29,1,-2,0,316,7,336,27.346851,172,427,447,243.0644,48,420,443,0,2,0.25279518937742657,0
CUS_0x4e47,2023-05-01,9,4,4,297,275,6,7,7,6,25,6,232,12,198,36.47309,17,145,441,240.90553,342,372,139,0,5,0.23135818595508442,0
CUS_0x4e8f,2023-05-01,14,0,1,302,251,11,8,18,3,25,7,312,10,176,40.841278,21,424,17,377.53015,328,251,179,0,4,0.2347959876497702,0
CUS_0x4f4f,2023-05-01,22,1,5,298,266,1,3,31,3,14,2,49,1139,340,36.685524,131,408,84,377.06332,125,202,211,0,4,0.2083753719212847,0
CUS_0x502c,2023-05-01,18,0,3,330,292,5,8,31,1,13,26,451,4,165,30.14293,194,192,25,488.35327,40,20,156,0,4,0.22388443407256325,0
CUS_0x5049,2023-05-01,26,1,1,507,507,4,6,2,0,6,23,303,2,466,26.516014,170,0,447,290.68286,470,420,443,0,3,0.2980275475286332,0
CUS_0x5050,2023-05-01,22,1,4,188,195,9,6,29,1,16,7,206,5,312,25.051538,212,106,220,277.0261,136,18,391,0,5,0.22012020357569953,0
CUS_0x50d4,2023-05-01,4,4,3,304,287,11,7,7,7,31,17,313,10,231,22.415697,80,90,267,174.91634,361,325,388,0,6,0.27899441661125424,0
CUS_0x50dd,2023-05-01,18,0,3,305,293,6,4,4,2,10,14,421,9,114,30.953709,79,301,439,478.10605,284,74,130,0,4,0.31263174013761785,0
CUS_0x510f,2023-05-01,36,2,0,290,236,3,3,33,3,11,12,1,6,392,32.750134,139,394,214,273.2957,17,219,362,0,3,0.19261805531634427,0
CUS_0x511f,2023-05-01,24,1,1,482,434,5,6,28,3,11,23,94,7,54,32.947266,210,150,430,681.1033,13,217,31,0,3,0.21532132059628992,0
CUS_0x5157,2023-05-01,22,1,0,133,125,9,7,24,2,17,9,153,8,274,35.083344,249,191,70,299.06595,434,80,339,0,5,0.2737913692111187,0
CUS_0x5172,2023-05-01,22,1,3,125,124,8,9,19,4,38,19,314,12,152,31.127813,86,427,224,174.69742,401,420,441,0,6,0.24501285647105506,0
CUS_0x517c,2023-05-01,40,2,3,360,342,5,8,33,2,11,2,45,8,19,36.857716,79,354,300,350.3202,191,75,349,0,4,0.23289022709197724,0
CUS_0x519e,2023-05-01,9,4,4,428,344,2,10,25,6,44,15,269,13,329,40.15181,255,409,344,262.41052,469,417,420,0,6,0.20368197546133954,0
CUS_0x51a1,2023-05-01,32,1,1,377,349,5,6,10,3,11,27,31,7,50,38.897026,165,400,149,517.358,195,105,183,0,5,0.26934432104862444,0
CUS_0x51cb,2023-05-01,34,1,5,507,507,5,8,29,3,13,2,347,3,94,27.061615,110,427,447,587.5774,470,420,443,0,4,0.3256769616906763,0
CUS_0x51e6,2023-05-01,24,1,1,402,374,4,7,9,3,9,4,58,8,244,36.994892,47,28,447,525.8809,289,153,443,0,5,0.3263271168172283,0
CUS_0x51f,2023-05-01,42,2,3,233,173,9,7,2,4,18,6,325,0,91,31.580074,75,388,129,275.25705,44,256,308,0,4,0.31080461517969055,0
CUS_0x5205,2023-05-01,32,1,5,7,474,5,4,28,3,21,23,91,1,390,25.231943,96,151,447,412.37894,63,192,443,0,3,0.2720166085983072,0
CUS_0x5257,2023-05-01,12,0,3,100,35,5,3,31,5,30,5,80,7,296,26.83901,238,315,383,282.52603,184,332,307,0,4,0.20389924116363747,0
CUS_0x5293,2023-05-01,17,0,3,293,248,5,7,5,3,8,4,200,8,118,40.37339,47,365,143,335.02805,293,186,280,0,5,0.2576881665937861,0
CUS_0x5321,2023-05-01,13,0,5,287,261,6,6,22,1,8,25,369,2,287,29.176897,120,427,114,457.7254,82,420,245,0,4,0.24642606745299672,0
CUS_0x53ad,2023-05-01,18,0,1,2,456,8,7,30,4,8,4,213,9,138,23.5721,107,427,447,146.13348,15,420,443,0,5,0.2851091752239756,0
CUS_0x53c0,2023-05-01,19,0,4,507,507,6,11,0,0,8,21,300,6,381,30.000496,170,0,447,774.6735,470,420,443,0,3,0.2555718974893175,0
CUS_0x53f0,2023-05-01,12,0,1,323,262,2,7,26,5,18,10,248,10,313,37.866116,225,87,329,390.93326,389,337,46,0,6,0.2690659377943733,0
CUS_0x5413,2023-05-01,22,1,1,170,137,5,4,31,0,20,22,284,2,123,32.913445,187,0,117,335.7447,373,0,356,0,3,0.28513502331242185,0
CUS_0x5585,2023-05-01,40,2,3,370,315,7,6,8,1,29,10,112,6,453,39.23098,46,427,277,414.6217,156,420,350,0,5,0.24615891732779832,0
CUS_0x5634,2023-05-01,2,4,1,420,391,4,3,4,7,27,13,146,2444,51,26.13485,84,427,287,103.56209,171,420,298,0,4,0.2595163778689212,0
CUS_0x5648,2023-05-01,12,0,5,317,278,3,3,22,3,4,12,40,7,477,25.365416,158,419,64,386.6335,222,212,195,0,3,0.24276098841395957,0
CUS_0x569b,2023-05-01,22,1,2,93,87,11,9,21,8,32,11,399,9,314,29.659092,14,378,144,198.84956,452,357,418,0,6,0.1955114885557144,0
CUS_0x5711,2023-05-01,21,1,0,436,297,9,11,34,5,52,7,275,13,483,34.11794,89,206,288,255.24205,470,394,399,0,6,0.3299192403382958,0
CUS_0x5753,2023-05-01,10,4,5,48,18,4,8,3,0,9,3,217,2406,108,40.031876,135,0,213,1112.4714,123,0,94,0,5,0.2850128456196705,0
CUS_0x575e,2023-05-01,26,1,5,20,496,5,11,6,2,14,7,191,7,13,36.756866,245,423,48,944.0706,112,54,34,0,5,0.25896434557434506,0
CUS_0x57c9,2023-05-01,8,4,3,501,455,4,3,2,5,21,10,258,8,448,24.505716,30,189,447,56.574963,9,255,443,0,5,0.2794486608510794,0
CUS_0x57e8,2023-05-01,2,4,2,126,120,9,6,23,2,29,18,398,12,170,28.77093,244,211,92,303.7504,406,99,358,0,6,0.2768583849549794,0
CUS_0x57f0,2023-05-01,17,0,0,507,507,0,3,0,2,10,4,337,5,282,27.14636,83,202,447,618.4641,470,420,443,0,4,0.28652873681746505,0
CUS_0x5803,2023-05-01,33,1,1,37,4,1,7,33,4,8,22,222,3,464,29.80373,100,227,447,432.47183,84,228,443,0,3,0.32263137837306,0
CUS_0x5813,2023-05-01,15,0,1,14,490,0,0,34,2,14,26,448,9,30,29.098593,194,12,2,935.89844,126,65,23,0,4,0.2119250712696928,0
CUS_0x58ba,2023-05-01,12,0,5,356,330,5,4,33,4,19,7,144,7,357,32.43936,248,114,1,361.35825,92,282,88,0,5,0.18653147421822738,0
CUS_0x58f7,2023-05-01,31,1,3,450,418,9,3,9,3,13,9,349,6,412,29.074364,179,108,158,580.09186,102,206,143,0,4,0.2598576339482246,0
CUS_0x593c,2023-05-01,32,1,5,124,112,9,8,32,7,27,13,211,5,256,28.160332,236,421,279,278.97726,433,378,84,0,5,0.2715126703752603,0
CUS_0x594e,2023-05-01,10,4,5,286,264,8,6,7,3,23,13,157,13,130,34.643105,227,361,164,371.31567,301,160,289,0,4,0.24734879796176443,0
CUS_0x5998,2023-05-01,34,1,0,247,197,9,7,33,4,19,13,287,3,395,27.74071,210,385,44,363.5752,188,240,244,0,4,0.25955276195818644,0
CUS_0x5a2f,2023-05-01,4,4,0,52,44,3,5,33,0,10,3,158,7,98,24.813972,63,0,447,290.43845,410,0,443,0,4,0.28429349184814834,0
CUS_0x5a4f,2023-05-01,15,0,0,358,338,11,10,24,10,37,10,451,11,93,29.061148,62,196,171,298.62125,228,358,220,0,6,0.3029857253610963,0
CUS_0x5abc,2023-05-01,17,0,2,367,340,2,1,24,6,30,11,214,7,290,37.627445,91,115,104,432.21506,345,273,147,0,4,0.21695230586857206,0
CUS_0x5adc,2023-05-01,43,3,2,320,295,6,11,7,2,21,7,7,4,79,26.55533,94,347,286,234.61594,263,115,398,0,5,0.3662630188263587,0
CUS_0x5aeb,2023-05-01,14,0,3,316,282,9,8,19,7,33,9,230,12,242,30.142897,62,104,276,147.7921,358,346,394,0,6,0.2428200446487958,0
CUS_0x5b05,2023-05-01,3,4,3,430,448,5,4,33,6,6,27,210,7,252,36.802383,82,139,341,292.37247,463,204,343,0,5,0.21798867720562,0
CUS_0x5b2a,2023-05-01,23,1,4,60,33,3,4,29,3,14,28,14,1,351,22.27005,135,178,447,198.65866,34,144,443,0,2,0.269352784022996,0
CUS_0x5b30,2023-05-01,13,0,4,82,492,7,8,4,7,8,5,371,4,196,36.56823,43,99,174,259.55585,423,418,99,0,5,0.2491115508684131,0
CUS_0x5b42,2023-05-01,6,4,1,365,314,7,9,20,8,60,14,244,1113,483,34.2723,182,427,108,373.7697,470,420,176,0,6,0.19209561103559203,0
CUS_0x5c53,2023-05-01,28,1,1,489,361,9,9,16,4,40,14,133,12,174,30.305489,23,137,175,305.516,447,278,201,0,6,0.27931978905051463,0
CUS_0x5c8d,2023-05-01,22,1,5,311,253,5,8,5,0,23,13,154,6,126,27.261759,70,0,61,453.61646,286,0,210,0,4,0.22788928256330032,0
CUS_0x5cd7,2023-05-01,4,4,4,397,359,6,2,2,0,0,2,13,4,63,36.619698,63,0,135,637.6432,185,0,160,0,4,0.2664746643703917,0
CUS_0x5d3f,2023-05-01,27,1,5,1,465,5,8,12,2,18,27,16,4,372,31.366446,50,399,447,434.29465,53,48,443,0,5,0.27948935006767484,0
CUS_0x5d65,2023-05-01,14,0,5,383,357,5,3,9,4,5,5,310,4,21,27.197378,203,149,11,505.54535,174,283,76,0,5,0.2249388332078713,0
CUS_0x5d77,2023-05-01,2,4,4,390,358,7,10,8,4,56,15,136,11,270,37.33841,59,427,215,409.10345,309,420,243,0,6,0.2743826393096967,0
CUS_0x5e19,2023-05-01,14,0,3,229,179,4,6,29,0,14,9,62,4,155,31.646757,78,0,160,340.65433,50,0,345,0,5,0.2007953238142553,0
CUS_0x5e22,2023-05-01,7,4,1,307,288,8,8,18,6,35,10,117,9,159,30.269493,77,117,447,363.0349,307,350,443,0,6,0.2688594190497103,0
CUS_0x5e99,2023-05-01,30,1,4,351,326,4,7,32,3,13,26,407,8,96,38.5683,50,410,255,334.42816,232,138,317,0,5,0.19814560715877125,0
CUS_0x5ee1,2023-05-01,11,0,5,28,504,12,4,29,1,30,9,151,11,417,28.588575,198,427,407,278.32114,367,420,377,0,5,0.24906344516778134,0
CUS_0x5f25,2023-05-01,35,1,1,34,7,3,7,32,10,6,27,90,6,25,33.933517,122,141,447,18.174488,110,132,443,0,4,0.24880537181215015,0
CUS_0x5fc6,2023-05-01,19,0,1,22,500,6,8,32,3,26,27,83,7,14,36.485386,76,179,257,643.3153,111,200,187,0,5,0.2689264692316801,0
CUS_0x5fcb,2023-05-01,29,1,0,231,223,5,6,30,3,17,10,438,2,105,32.788292,193,309,266,448.26416,320,116,24,0,4,0.21837128475021803,0
CUS_0x6072,2023-05-01,32,1,3,72,53,11,6,7,6,27,11,192,15,298,24.752138,217,287,393,270.85028,451,266,297,0,6,0.2813569894919639,0
CUS_0x614e,2023-05-01,32,1,1,449,472,9,10,15,3,38,13,437,11,181,28.224024,63,72,58,307.4216,454,111,56,0,4,0.2934581302311941,0
CUS_0x6171,2023-05-01,39,2,4,73,507,4,6,0,0,8,24,165,0,456,29.573565,95,0,307,1090.5607,66,420,443,0,4,0.2615734831293379,0
CUS_0x61a1,2023-05-01,30,1,2,19,502,5,3,30,3,9,4,451,1,128,21.559969,163,163,447,266.73267,143,181,443,0,4,0.26278671855541463,0
CUS_0x61f7,2023-05-01,40,2,5,276,245,0,7,22,0,9,1,99,5,450,26.247677,157,0,386,478.52206,230,0,112,0,3,0.3150198913660354,0
CUS_0x61f8,2023-05-01,5,4,5,138,90,2,7,10,9,52,16,30,9,71,22.59287,83,66,429,219.29965,377,408,294,0,6,0.21790782729667643,0
CUS_0x620b,2023-05-01,16,0,3,502,462,11,6,10,5,16,6,159,11,483,29.46305,89,254,284,302.04984,470,317,249,0,6,0.31632502057882195,0
CUS_0x635d,2023-05-01,25,1,2,448,415,6,8,3,4,17,26,128,5,396,30.253706,8,174,295,353.00903,88,263,286,0,5,0.30523584184385105,0
CUS_0x63a6,2023-05-01,25,1,1,407,366,0,6,32,10,9,3,17,5,45,36.975,133,427,81,736.3769,173,420,107,0,4,0.28639930314360823,0
CUS_0x63c1,2023-05-01,32,1,3,490,449,7,8,8,7,11,6,162,7,424,33.219055,35,234,435,621.6205,93,306,29,0,5,0.3290491584659822,0
CUS_0x63ec,2023-05-01,5,4,1,288,247,4,3,22,0,7,24,309,6,16,24.436918,142,0,327,507.80038,243,0,55,0,4,0.24112181939897895,0
CUS_0x646d,2023-05-01,12,0,0,327,268,8,8,18,6,16,10,59,10,168,33.655098,250,165,291,60.9656,302,387,412,0,5,0.2621972781026413,0
CUS_0x64c9,2023-05-01,14,0,5,396,379,9,4,2,7,20,9,198,8,344,24.163694,82,158,101,479.9754,69,275,114,0,4,0.3100709053926572,0
CUS_0x659b,2023-05-01,3,4,0,148,80,5,3,30,3,30,25,137,8,137,40.321243,117,193,365,348.6429,385,114,250,0,5,0.273451684780593,0
CUS_0x66c7,2023-05-01,10,4,4,315,281,5,7,31,0,23,12,48,2,77,38.300453,187,0,425,510.7006,265,0,119,0,3,0.24380599677602835,0
CUS_0x675c,2023-05-01,16,0,1,118,71,7,6,20,6,49,26,440,11,195,28.125616,247,318,326,305.6131,416,285,173,0,5,0.2174262175276424,0
CUS_0x67d0,2023-05-01,22,1,1,500,12,6,3,12,2,15,6,96,4,355,38.707726,174,390,10,275.8128,339,26,401,0,5,0.20354067878073426,0
CUS_0x67e2,2023-05-01,3,4,1,206,191,6,3,5,0,13,13,328,7,454,40.387707,154,78,154,359.71945,258,373,324,0,4,0.24971880385653292,0
CUS_0x6808,2023-05-01,29,1,4,96,78,11,6,19,8,48,18,301,11,483,28.54741,36,20,6,228.39227,470,396,330,0,6,0.17825557180909915,0
CUS_0x683d,2023-05-01,18,0,0,484,440,4,4,2,4,13,8,105,6,7,34.041122,57,159,51,676.05786,130,222,61,0,5,0.24585700072747493,0
CUS_0x689,2023-05-01,21,1,3,333,294,9,7,18,5,39,7,36,12,135,27.005104,37,144,147,265.1104,268,367,260,0,6,0.29581448449128955,0
CUS_0x68a8,2023-05-01,14,0,1,456,412,7,9,24,7,65,13,141,9,277,25.870836,21,216,354,266.29883,462,322,397,0,6,0.27384276544957886,0
CUS_0x68dc,2023-05-01,19,0,4,485,445,1,6,2,0,6,21,405,5,280,26.460438,115,0,180,813.45184,31,0,134,0,3,0.2746770809621814,0
CUS_0x693a,2023-05-01,18,0,3,226,199,8,6,23,6,47,9,341,14,234,32.469383,25,89,192,186.84163,387,381,366,0,6,0.2544351336555044,0
CUS_0x69c6,2023-05-01,19,0,0,3,466,4,3,29,1,12,6,442,8,457,39.964123,126,297,182,817.3939,105,5,122,0,5,0.24675404846680066,0
CUS_0x6abf,2023-05-01,19,0,5,53,16,8,6,7,2,30,8,77,11,265,40.389286,35,53,97,247.51086,192,72,431,0,5,0.24859060953539505,0
CUS_0x6ba9,2023-05-01,30,1,3,153,121,5,3,3,1,-1,23,322,6,437,33.874,160,21,390,341.62003,312,14,239,0,3,0.2823775250444178,0
CUS_0x6bbe,2023-05-01,10,4,3,476,435,3,4,2,2,4,25,451,4,306,38.626938,140,370,236,648.09235,38,45,199,0,4,0.30735762327180877,0
CUS_0x6cf5,2023-05-01,32,1,1,417,384,6,4,2,3,17,9,215,7,131,36.23508,48,110,134,511.1635,200,233,140,0,5,0.25701663577112493,0
CUS_0x6df1,2023-05-01,32,1,3,348,318,6,8,29,4,20,11,423,11,11,24.747765,53,9,198,413.51794,194,190,268,0,5,0.2750592005662049,0
CUS_0x6ed3,2023-05-01,31,1,5,457,430,3,8,11,4,7,26,350,6,416,40.287624,82,79,447,292.90323,103,161,443,0,4,0.2741702782219778,0
CUS_0x6ed8,2023-05-01,17,0,2,94,19,0,6,22,2,13,3,359,3,386,36.119587,122,184,47,261.4771,292,176,410,0,4,0.27341220674817857,0
CUS_0x6f0a,2023-05-01,24,1,4,465,427,11,10,12,5,27,20,435,8,483,39.239666,222,257,420,241.16003,470,351,427,0,6,0.2702257121825423,0
CUS_0x6f4c,2023-05-01,19,0,5,335,306,11,10,17,8,26,15,239,7,189,39.200073,251,241,52,247.08759,306,401,150,0,6,0.2887111545542205,0
CUS_0x6f92,2023-05-01,21,1,3,84,46,5,4,10,4,14,8,395,12,203,32.23608,224,210,366,320.8382,427,172,281,0,4,0.24919362185844704,0
CUS_0x6f9d,2023-05-01,23,1,5,382,363,5,11,9,6,16,7,175,12,104,26.735289,34,146,419,522.7621,211,276,59,0,4,0.2610863864151835,0
CUS_0x6fa7,2023-05-01,43,3,5,505,469,0,3,2,3,9,27,20,1,458,39.07447,123,56,56,835.4108,106,101,50,0,4,0.2776017609164257,0
CUS_0x7032,2023-05-01,17,0,3,270,228,7,6,2,0,8,13,451,6,462,37.8299,112,0,392,459.1238,236,0,128,0,4,0.28922891790915445,0
CUS_0x70af,2023-05-01,28,1,0,58,68,9,6,18,3,44,2,168,15,142,26.202208,34,238,421,313.93796,415,183,305,0,5,0.32991562275904884,0
CUS_0x716c,2023-05-01,13,0,0,292,252,6,0,30,1,4,12,50,6,120,28.359726,176,204,310,196.97462,296,27,425,0,3,0.2518259691201863,0
CUS_0x71aa,2023-05-01,8,4,3,155,126,8,10,17,6,21,15,379,8,259,38.01503,29,411,440,256.5426,424,352,276,0,4,0.2746623587912383,0
CUS_0x71d,2023-05-01,34,1,5,398,383,5,6,4,2,13,11,86,0,215,37.732086,212,426,412,539.7375,35,109,48,0,5,0.3350636771367915,0
CUS_0x7200,2023-05-01,20,0,5,157,72,4,7,6,7,28,11,374,14,122,34.90325,220,422,346,257.69394,380,392,229,0,5,0.22801096504417426,0
CUS_0x72fe,2023-05-01,30,1,3,401,381,9,10,24,4,60,15,127,8,257,35.14605,100,157,447,552.0344,298,272,443,0,6,0.29359385146263894,0
CUS_0x730d,2023-05-01,39,2,5,91,24,4,3,3,2,6,3,380,2,449,35.463436,49,154,447,300.00943,353,135,443,0,4,0.24655632318210863,0
CUS_0x7354,2023-05-01,37,2,1,177,146,5,4,10,1,29,2,230,9,46,36.82839,212,37,111,348.6604,340,6,321,0,5,0.20120749758565867,0
CUS_0x7369,2023-05-01,34,1,0,26,467,4,4,1,1,28,3,225,3,236,32.780773,77,413,377,294.1078,204,56,379,0,4,0.31320680407174417,0
CUS_0x73d,2023-05-01,13,0,4,11,481,5,3,5,3,28,13,367,9,368,30.114866,78,91,447,118.95932,49,128,443,0,5,0.197399259764003,0
CUS_0x73db,2023-05-01,8,4,1,455,403,11,8,9,5,41,14,252,10,483,36.17743,257,427,249,333.21344,470,420,253,0,4,0.24765298636204258,0
CUS_0x7462,2023-05-01,38,2,0,42,14,6,6,29,4,23,12,22,1,397,37.70909,52,427,447,355.40512,51,420,443,0,3,0.25205672271952845,0
CUS_0x7473,2023-05-01,25,1,3,496,458,5,0,32,1,14,12,342,0,439,37.527294,184,384,62,825.0376,100,43,64,0,3,0.16956417939437915,0
CUS_0x74a3,2023-05-01,43,3,5,215,163,5,6,8,1,10,4,202,11,425,28.352863,207,161,447,207.25604,237,36,443,0,5,0.2853028736133129,0
CUS_0x74c7,2023-05-01,37,2,2,475,441,5,0,28,2,2,12,450,4,359,27.837519,66,77,363,785.04803,62,137,7,0,3,0.216533971123809,0
CUS_0x74fa,2023-05-01,33,1,1,245,211,9,6,33,4,19,27,74,4,36,31.348974,135,6,57,308.9467,283,284,240,0,5,0.2784592188544321,0
CUS_0x7526,2023-05-01,41,2,1,393,360,6,7,1,3,23,14,33,5,399,28.498121,211,2,416,607.2483,116,129,57,0,5,0.3071717557815972,0
CUS_0x76d1,2023-05-01,23,1,1,283,249,0,6,29,4,3,4,360,0,447,32.15941,195,396,19,379.7598,225,210,184,0,4,0.2866806296525181,0
CUS_0x771e,2023-05-01,18,0,0,160,123,9,6,7,2,12,5,27,7,99,35.785606,30,195,98,297.17947,374,85,352,0,4,0.2945449007514773,0
CUS_0x7820,2023-05-01,23,1,3,261,232,7,10,26,6,15,14,161,10,483,28.13726,90,59,36,304.02164,470,335,207,0,4,0.22408209416097993,0
CUS_0x7846,2023-05-01,32,1,5,479,438,8,8,10,3,11,11,417,7,58,37.818066,140,50,436,774.35614,14,118,33,0,5,0.26046066663360323,0
CUS_0x7848,2023-05-01,13,0,0,21,499,5,3,3,1,-3,0,382,5,9,32.63487,78,310,447,520.4486,108,4,443,0,2,0.2916660570461909,0
CUS_0x7863,2023-05-01,20,0,2,371,334,7,1,27,7,42,3,173,9,214,35.462776,45,164,248,257.28226,294,327,299,0,5,0.24347321968833704,0
CUS_0x78a6,2023-05-01,13,0,3,406,362,9,6,6,5,39,13,261,10,483,33.01726,27,427,376,488.47467,470,420,35,0,6,0.26773162820066454,0
CUS_0x78e0,2023-05-01,34,1,5,114,45,9,4,7,2,5,7,339,0,415,29.998152,185,153,260,342.45038,313,104,126,0,5,0.2696261912488568,0
CUS_0x795c,2023-05-01,12,0,3,128,56,11,1,17,7,56,9,251,12,483,23.973806,0,5,309,238.59464,470,403,168,0,6,0.23867915528782413,0
CUS_0x7967,2023-05-01,14,0,1,106,88,0,0,0,4,4,22,336,7,481,24.901003,103,223,318,341.3276,360,141,146,0,3,0.3378334000765577,0
CUS_0x79d3,2023-05-01,21,1,3,61,26,6,3,7,10,10,8,338,5,241,35.54781,188,162,447,329.9104,181,145,443,0,5,0.24356447978407947,0
CUS_0x79ee,2023-05-01,36,2,1,359,321,4,0,33,1,1,4,218,0,478,40.417084,72,275,14,558.8112,180,39,104,0,4,0.23895233567352392,0
CUS_0x7a11,2023-05-01,27,1,3,328,301,8,7,31,7,25,27,433,13,4,34.863205,253,81,447,97.08822,220,291,443,0,5,0.1973825198842896,0
CUS_0x7a4d,2023-05-01,39,2,0,9,486,3,3,31,4,6,0,53,6,307,27.873016,155,121,251,680.56836,33,152,191,0,2,0.24958454342133646,0
CUS_0x7aba,2023-05-01,2,4,0,219,190,5,8,9,4,7,9,126,10,465,28.962324,204,412,73,305.54947,262,268,267,0,5,0.3351863317055721,0
CUS_0x7afc,2023-05-01,26,1,3,266,209,0,3,22,2,5,21,395,3,328,38.613697,151,273,41,386.8029,122,83,226,0,3,0.2284989907429406,0
CUS_0x7ba9,2023-05-01,11,0,1,343,313,5,3,7,3,11,26,155,8,423,25.20932,100,387,177,412.4447,158,131,261,0,5,0.26251578166031375,0
CUS_0x7c12,2023-05-01,18,0,1,221,200,4,7,9,3,26,2,172,0,324,39.38919,94,344,243,414.62497,132,197,17,0,5,0.2943998884219281,0
CUS_0x7cea,2023-05-01,43,3,1,217,160,12,3,14,7,15,11,446,5,82,24.425257,38,120,125,173.806,324,400,318,0,4,0.2720497570281319,0
CUS_0x7d2c,2023-05-01,4,4,1,434,421,4,7,32,6,0,4,212,6,35,28.579807,243,170,105,560.7638,159,260,90,0,5,0.2970771666735575,0
CUS_0x7d44,2023-05-01,36,2,1,256,188,8,3,9,0,17,7,386,3,346,29.742125,158,0,202,326.82245,140,0,385,0,5,0.28048273639112464,0
CUS_0x7dea,2023-05-01,31,1,4,192,157,9,3,29,2,13,11,370,0,427,36.875214,203,299,106,333.60724,248,159,306,0,5,0.16643572888832683,0
CUS_0x7df0,2023-05-01,9,4,3,95,22,4,11,2,1,14,0,413,2,358,30.512629,46,54,49,271.80197,259,68,411,0,2,0.23354136839562353,0
CUS_0x7e02,2023-05-01,25,1,3,395,376,8,1,10,7,16,9,264,12,483,24.744242,215,209,447,56.49654,470,339,443,0,6,0.29477924296024693,0
CUS_0x7e2f,2023-05-01,41,2,1,237,175,1,8,33,0,0,24,234,7,337,30.856356,155,0,184,324.0065,138,0,373,0,4,0.22280394599626888,0
CUS_0x7f2c,2023-05-01,36,2,5,180,144,7,8,4,3,28,4,67,3,441,32.12749,97,235,203,252.22725,271,415,414,0,4,0.25476255924134983,0
CUS_0x7faf,2023-05-01,12,0,2,271,214,9,4,2,0,30,3,88,8,438,39.028008,161,0,428,444.83954,23,0,170,0,5,0.3749122561346704,0
CUS_0x8009,2023-05-01,7,4,4,222,172,11,8,19,5,39,8,196,8,483,34.358948,88,48,336,322.76532,470,359,86,0,6,0.20527787947346807,0
CUS_0x8049,2023-05-01,22,1,1,384,351,5,4,29,4,22,9,67,3,353,27.311804,85,35,335,603.3239,77,180,13,0,5,0.25268008756610677,0
CUS_0x81e4,2023-05-01,10,4,0,113,119,11,9,12,2,34,11,131,11,147,30.316887,63,122,442,338.5445,403,51,288,0,4,0.27365412296389285,0
CUS_0x8216,2023-05-01,3,4,5,411,305,2,1,23,7,53,6,35,13,483,36.891327,3,357,447,248.25839,470,416,443,0,6,0.22756173814632746,0
CUS_0x82d5,2023-05-01,20,0,1,349,335,11,10,20,6,44,15,166,10,483,29.125353,246,133,239,303.54642,470,298,284,0,6,0.24647536646061582,0
CUS_0x8398,2023-05-01,9,4,3,85,29,11,10,26,3,25,15,203,12,239,36.063766,24,271,351,274.9582,438,264,279,0,6,0.2689711729168101,0
CUS_0x846e,2023-05-01,19,0,4,132,62,4,7,1,0,4,27,392,7,154,38.42046,175,0,342,370.7716,94,0,231,0,4,0.3032989404291222,0
CUS_0x84ae,2023-05-01,15,0,3,385,369,7,6,9,2,7,26,179,12,88,31.021715,98,348,31,641.12756,199,63,79,0,4,0.26183105620954356,0
CUS_0x84fe,2023-05-01,24,1,1,203,207,8,6,6,9,53,13,352,14,297,32.66316,216,75,205,196.15042,413,361,374,0,6,0.23098999027976574,0
CUS_0x8536,2023-05-01,21,1,5,64,21,6,6,7,3,9,13,293,4,360,28.150385,140,427,5,1127.1033,3,420,10,0,5,0.24351731770885338,0
CUS_0x857b,2023-05-01,4,4,0,33,6,4,8,32,3,14,26,316,3,8,30.575531,203,147,189,868.8791,96,140,85,0,4,0.17061353267193113,0
CUS_0x85bb,2023-05-01,36,2,0,152,116,0,6,29,0,27,24,306,4,305,37.632782,176,0,282,397.43796,164,0,83,0,4,0.28980998099418587,0
CUS_0x85d,2023-05-01,31,1,5,310,255,7,1,8,7,35,13,255,13,317,26.673027,252,47,204,236.25713,400,302,332,0,6,0.16435402407998495,0
CUS_0x85fd,2023-05-01,28,1,0,296,284,0,6,2,1,11,1,400,8,403,38.963066,50,123,50,375.10855,176,1,177,0,3,0.32480093476755334,0
CUS_0x862b,2023-05-01,31,1,1,66,507,6,8,1,1,30,4,43,762,115,26.798685,130,10,447,187.35808,118,420,443,0,4,0.25329435317931953,0
CUS_0x866d,2023-05-01,28,1,1,65,37,8,7,32,3,12,5,404,5,64,35.720284,196,180,447,268.7947,99,142,443,0,4,0.240565427746397,0
CUS_0x8694,2023-05-01,10,4,5,458,433,2,6,26,9,20,11,304,10,146,37.07521,71,258,382,548.7118,187,347,15,0,6,0.2699775740631987,0
CUS_0x870c,2023-05-01,31,1,1,142,117,3,4,33,4,3,22,451,9,435,27.050575,203,350,13,284.54102,318,293,302,0,3,0.234311365547988,0
CUS_0x87a,2023-05-01,20,0,4,154,101,1,7,29,1,8,21,216,3,24,24.188766,111,74,86,287.19705,4,37,368,0,3,0.2602562846222111,0
CUS_0x87a2,2023-05-01,15,0,1,495,460,7,8,3,4,15,7,373,4,208,35.611473,178,169,122,667.18665,21,218,77,0,5,0.2809417294000125,0
CUS_0x87ba,2023-05-01,22,1,1,376,354,7,1,15,4,11,9,201,13,237,25.081337,247,427,305,300.1109,303,420,340,0,5,0.23249602830243105,0
CUS_0x87cb,2023-05-01,20,0,2,211,158,4,8,1,3,11,26,62,3,109,38.94375,74,355,447,370.02365,335,232,443,0,4,0.3102921929068658,0
CUS_0x8843,2023-05-01,23,1,5,29,495,6,7,2,6,25,13,85,8,32,31.006582,241,251,308,308.81485,409,280,247,0,5,0.2418986840935969,0
CUS_0x8844,2023-05-01,21,1,4,507,507,6,4,30,3,7,23,32,7,20,43.327732,183,427,226,1092.0681,470,420,443,0,3,0.22325227998832367,0
CUS_0x885f,2023-05-01,15,0,1,507,298,9,10,19,4,47,10,134,7,235,29.915493,73,171,176,285.16483,470,383,278,0,6,0.26957328081925547,0
CUS_0x88b8,2023-05-01,40,2,0,413,392,6,3,32,3,0,21,113,7,327,35.980732,98,69,447,499.9409,52,182,443,0,3,0.22600786147958815,0
CUS_0x88e3,2023-05-01,6,4,5,372,347,5,6,34,3,7,23,19,2,352,26.954386,205,15,89,520.5322,81,158,129,0,3,0.20710150210591352,0
CUS_0x8908,2023-05-01,3,4,3,461,350,8,6,1,4,16,26,176,5,186,40.75506,223,95,132,270.6329,455,246,166,0,4,0.233262889076504,0
CUS_0x8925,2023-05-01,21,1,3,329,300,9,3,12,0,9,26,449,4,83,41.196857,187,0,142,478.57687,29,0,248,0,5,0.22596790660052732,0
CUS_0x8959,2023-05-01,28,1,3,418,398,6,7,5,3,6,9,169,1,429,29.767788,155,46,183,563.69434,129,154,190,0,5,0.2582028154731701,0
CUS_0x895d,2023-05-01,18,0,0,214,210,6,7,7,4,13,5,19,5,132,39.512257,61,374,113,350.17282,341,214,275,0,4,0.2931695574307821,0
CUS_0x897e,2023-05-01,23,1,4,363,329,8,8,9,6,41,14,419,2358,187,28.68947,95,148,225,310.4955,272,315,272,0,6,0.26049478492010036,0
CUS_0x89ec,2023-05-01,26,1,3,89,43,9,8,7,5,27,6,160,13,69,31.887478,62,290,221,304.5856,393,279,82,0,5,0.33952499854484974,0
CUS_0x8a20,2023-05-01,41,2,0,468,425,0,2,30,3,6,26,299,2,482,23.852577,126,88,152,594.26984,134,184,127,0,4,0.21589673881705143,0
CUS_0x8a31,2023-05-01,27,1,4,70,507,4,8,32,0,27,1,326,3,129,35.31221,58,0,447,955.3219,119,420,443,0,3,0.23077434034535205,0
CUS_0x8a5,2023-05-01,32,1,1,273,216,6,4,1,0,24,22,288,6,3,30.714643,151,0,99,437.90204,246,0,266,0,3,0.32437688207022675,0
CUS_0x8a73,2023-05-01,34,1,1,426,396,6,8,28,2,3,12,381,3,350,39.170567,201,11,285,452.54446,64,110,291,0,3,0.23248236327103602,0
CUS_0x8acf,2023-05-01,22,1,3,507,507,0,4,3,3,3,26,78,3,339,25.06615,135,250,447,1002.4797,470,420,443,0,4,0.3499949445708056,0
CUS_0x8ba3,2023-05-01,19,0,5,8,475,6,6,31,1,20,3,110,2,323,43.59632,173,427,447,928.8964,37,420,443,0,5,0.19619040713715286,0
CUS_0x8ba4,2023-05-01,2,4,3,265,246,9,8,6,3,20,6,204,9,145,37.925014,72,404,68,349.60977,327,221,227,0,5,0.30417694165397796,0
CUS_0x8bcc,2023-05-01,37,2,2,36,5,5,4,30,3,14,27,403,5,18,27.339819,86,226,447,563.653,97,227,443,0,4,0.28203608799388447,0
CUS_0x8bfe,2023-05-01,9,4,3,135,102,6,6,29,1,18,1,86,5,409,30.695309,110,58,324,370.8595,300,404,144,0,3,0.2187398842375137,0
CUS_0x8cce,2023-05-01,22,1,0,201,164,9,7,9,1,22,10,199,8,151,28.000156,119,73,107,356.97403,55,8,296,0,5,0.2232072752456452,0
CUS_0x8cd,2023-05-01,6,4,4,425,395,2,7,21,7,17,15,279,12,483,24.184404,230,218,253,292.7521,470,341,271,0,4,0.3048184401064017,0
CUS_0x8cd0,2023-05-01,14,0,4,325,290,9,9,16,10,34,11,240,12,210,30.178045,5,188,110,235.45473,338,391,214,0,6,0.22786732909968677,0
CUS_0x8d02,2023-05-01,14,0,1,199,153,8,6,3,5,7,13,205,10,245,25.243753,47,401,312,346.07532,95,300,75,0,4,0.36689580086941953,0
CUS_0x8dc0,2023-05-01,20,0,3,77,57,9,10,19,10,43,7,178,12,222,38.712734,46,172,373,321.51852,436,112,274,0,5,0.30557364054964503,0
CUS_0x8dfa,2023-05-01,12,0,0,373,348,5,4,31,5,20,15,61,9,185,31.68369,72,427,39,426.45374,264,420,96,0,5,0.28340134326697036,0
CUS_0x8ecf,2023-05-01,21,1,0,403,385,7,4,13,5,25,9,267,8,153,28.594769,44,208,314,201.68208,219,329,325,0,4,0.24592591977157505,0
CUS_0x8f0c,2023-05-01,28,1,5,340,303,9,3,10,3,17,6,104,2,39,31.779737,158,339,71,471.42453,226,92,169,0,4,0.22815147584169457,0
CUS_0x8fa0,2023-05-01,35,1,5,414,382,8,4,29,2,29,2,100,3,17,29.42098,153,353,155,597.10223,154,61,164,0,5,0.2507318612365374,0
CUS_0x8fdf,2023-05-01,4,4,3,15,484,4,4,32,10,25,13,351,2,0,29.419527,199,177,447,458.92593,113,207,443,0,5,0.269285161320053,0
CUS_0x8fea,2023-05-01,16,0,3,136,67,1,7,2,2,1,2,50,3,404,32.63548,146,185,320,340.64722,291,122,171,0,4,0.26315048897990606,0
CUS_0x903f,2023-05-01,23,1,1,392,345,4,3,2,10,18,7,76,1387,31,23.577188,121,427,94,471.92746,178,420,136,0,5,0.2730121732228223,0
CUS_0x905e,2023-05-01,5,4,4,131,93,6,11,29,10,7,2,75,0,375,29.940498,137,23,358,373.463,30,23,218,0,4,0.2926691687915576,0
CUS_0x9087,2023-05-01,29,1,0,452,416,4,6,33,4,15,12,445,4,383,34.51518,199,156,218,498.83243,80,253,198,0,3,0.23417262549754503,0
CUS_0x90a1,2023-05-01,22,1,3,227,208,8,1,9,7,28,11,352,16,133,25.376747,15,44,22,296.33047,337,333,213,0,4,0.23684637604852019,0
CUS_0x9189,2023-05-01,25,1,1,381,368,9,6,6,6,36,4,220,7,150,27.041048,11,112,83,509.98398,233,247,106,0,5,0.3109347312684432,0
CUS_0x91c4,2023-05-01,18,0,0,27,505,9,8,30,7,21,8,385,8,471,29.710989,239,427,447,72.9632,8,420,443,0,5,0.2641428959126902,0
CUS_0x9274,2023-05-01,40,2,1,144,127,5,4,30,1,7,22,434,3,389,24.329273,46,51,156,278.84955,267,22,404,0,3,0.2668690212017761,0
CUS_0x9275,2023-05-01,9,4,2,209,154,1,4,32,0,6,27,324,0,89,34.9107,103,0,141,341.4923,330,0,346,0,4,0.26397667149002974,0
CUS_0x9296,2023-05-01,6,4,1,469,452,8,1,27,5,58,14,401,13,224,35.631065,16,358,210,307.23267,458,407,165,0,6,0.2598149790448449,0
CUS_0x9297,2023-05-01,14,0,3,284,234,4,6,3,2,14,4,373,8,365,25.969517,138,328,95,364.29608,148,148,256,0,4,0.2856460226137844,0
CUS_0x93bb,2023-05-01,6,4,3,308,286,9,6,13,10,17,11,163,13,268,34.016712,47,317,112,334.3252,371,87,219,0,5,0.2856268210012307,0
CUS_0x93d2,2023-05-01,6,4,0,99,103,9,6,15,3,42,8,33,15,148,26.791143,52,194,26,322.02835,404,100,315,0,6,0.306583521734664,0
CUS_0x9434,2023-05-01,7,4,3,350,322,4,10,6,5,6,3,418,15,134,32.127613,84,142,212,290.29254,242,320,273,0,5,0.3032023468302152,0
CUS_0x9534,2023-05-01,40,2,4,47,17,6,4,1,4,-1,3,306,2,469,32.408325,45,427,447,142.84894,79,420,443,0,4,0.3273035845458385,0
CUS_0x95ef,2023-05-01,17,0,4,362,328,2,6,15,4,50,11,189,6,199,38.05071,68,45,159,412.2628,281,213,215,0,6,0.22214116971006675,0
CUS_0x95f0,2023-05-01,4,4,0,246,237,5,4,33,3,25,7,411,12,125,31.74557,192,380,208,440.4628,325,203,1,0,5,0.30190823866219846,0
CUS_0x970b,2023-05-01,3,4,5,178,142,8,8,10,7,22,11,108,6,348,31.827368,39,427,330,305.53403,179,420,105,0,5,0.3089006645412784,0
CUS_0x973e,2023-05-01,15,0,5,345,327,8,9,23,7,44,17,274,11,483,30.536356,221,140,447,65.40268,470,313,443,0,6,0.1974956099401719,0
CUS_0x980b,2023-05-01,21,1,3,69,507,0,0,1,1,8,22,286,4,52,34.605606,206,383,447,1130.7245,91,420,443,0,3,0.30901138192920263,0
CUS_0x9819,2023-05-01,33,1,0,175,122,4,3,10,2,9,9,152,4,238,27.32383,203,248,381,323.98462,120,130,228,0,5,0.2802775786771987,0
CUS_0x981d,2023-05-01,21,1,5,150,128,7,10,23,6,13,14,118,11,267,39.246162,81,420,422,263.23734,431,363,262,0,4,0.23566064393607294,0
CUS_0x982e,2023-05-01,38,2,4,174,131,7,8,2,1,25,3,171,4,430,36.485394,122,82,166,267.88928,278,33,409,0,4,0.26684827861245586,0
CUS_0x9902,2023-05-01,17,0,1,57,31,4,3,9,0,11,3,150,5,326,30.174494,131,0,447,706.9078,25,0,443,0,5,0.3069005522069025,0
CUS_0x9919,2023-05-01,25,1,4,63,76,9,10,17,10,40,13,333,12,253,25.88673,82,93,316,360.46796,445,59,151,0,4,0.2597643822932127,0
CUS_0x9931,2023-05-01,20,0,3,223,217,5,4,6,1,21,26,393,7,55,33.231823,202,96,294,192.98979,305,7,432,0,5,0.2184511885677611,0
CUS_0x995,2023-05-01,12,0,4,121,41,8,6,16,10,19,14,451,12,309,28.020914,14,43,423,204.28667,446,412,337,0,6,0.1851892441009976,0
CUS_0x99a,2023-05-01,8,4,3,433,411,9,8,32,4,24,2,122,5,161,28.758026,72,49,269,480.54837,213,149,270,0,5,0.2748741551510259,0
CUS_0x99f1,2023-05-01,13,0,2,216,219,9,11,0,1,5,26,389,5,272,33.435005,147,182,417,447.9076,98,32,159,0,4,0.28302762705049167,0
CUS_0x9a92,2023-05-01,14,0,4,189,186,7,1,17,8,59,7,156,17,269,23.619131,43,63,355,333.68268,405,364,113,0,6,0.21782660956453495,0
CUS_0x9b0f,2023-05-01,42,2,4,62,69,4,4,32,4,20,8,410,7,422,37.30529,156,217,30,295.6136,352,147,354,0,4,0.24001857949092342,0
CUS_0x9b46,2023-05-01,7,4,4,16,493,7,4,2,0,17,2,447,3,167,30.873362,108,0,100,1010.6898,16,0,58,0,5,0.30653901334264616,0
CUS_0x9b5a,2023-05-01,15,0,1,165,94,4,8,2,2,9,10,139,9,44,33.237453,147,249,432,315.14496,351,164,292,0,5,0.2634338423454724,0
CUS_0x9be9,2023-05-01,12,0,0,507,267,12,7,6,7,30,7,149,11,140,30.589468,37,167,127,236.39005,470,388,254,0,4,0.2776261669620828,0
CUS_0x9bf9,2023-05-01,23,1,5,444,401,2,1,14,5,52,7,243,13,483,31.45445,30,427,447,503.0121,470,420,443,0,6,0.25742438232173265,0
CUS_0x9c28,2023-05-01,20,0,3,111,107,5,10,17,5,17,26,194,9,182,26.250418,97,304,311,327.7171,414,239,117,0,5,0.2856126724151944,0
CUS_0x9c30,2023-05-01,37,2,2,462,428,6,3,0,0,7,27,314,3,85,39.41384,145,0,190,742.0926,167,0,163,0,4,0.2691215829526055,0
CUS_0x9cc4,2023-05-01,39,2,5,23,483,8,6,32,0,18,2,320,6,112,38.230114,159,0,53,261.03293,421,0,440,0,5,0.2754128343380298,0
CUS_0x9ce8,2023-05-01,17,0,4,196,167,9,1,20,5,41,10,451,12,483,24.795835,237,42,133,255.96698,470,354,314,0,6,0.2037295786642377,0
CUS_0x9d86,2023-05-01,15,0,3,31,3,0,2,29,1,15,4,10,5,27,41.244904,123,398,447,700.49744,114,30,443,0,4,0.2141358409670363,0
CUS_0x9df6,2023-05-01,11,0,5,463,482,4,6,5,4,16,13,109,13,393,39.943775,234,126,353,297.40912,83,171,338,0,5,0.2251769321105287,0
CUS_0x9e3c,2023-05-01,4,4,3,242,174,7,6,12,3,18,6,125,7,370,23.883852,106,364,20,325.8111,163,226,238,0,5,0.2538126426328124,0
CUS_0x9f3,2023-05-01,14,0,0,187,147,3,6,32,1,-3,0,327,5,331,25.362448,125,70,333,390.78275,146,17,108,0,2,0.31914944603119694,0
CUS_0x9f5e,2023-05-01,2,4,5,416,377,11,1,16,7,53,13,323,14,206,27.2115,10,176,195,402.40485,251,299,208,0,6,0.2722167634468847,0
CUS_0x9fab,2023-05-01,27,1,5,184,145,6,8,12,0,17,27,25,0,342,26.241182,69,0,426,374.69382,161,0,234,0,5,0.2652192769692084,0
CUS_0xa005,2023-05-01,27,1,3,141,134,5,8,34,7,24,11,397,8,338,29.624903,33,406,227,147.16335,203,343,435,0,5,0.1963151720013169,0
CUS_0xa03c,2023-05-01,35,1,3,492,447,6,2,0,4,9,3,289,1,300,29.880987,117,201,167,574.7085,2,262,121,0,4,0.3052489818675132,0
CUS_0xa04f,2023-05-01,29,1,5,50,20,4,3,2,3,27,24,375,0,53,29.459389,192,427,290,741.75116,101,420,181,0,4,0.33682505559694703,0
CUS_0xa0ee,2023-05-01,1,4,0,81,48,8,8,19,5,11,27,70,4,226,32.83831,233,296,378,278.1708,437,288,290,0,5,0.24427729070055373,0
CUS_0xa0f4,2023-05-01,21,1,0,336,311,8,8,29,4,32,5,101,2,401,39.339157,195,403,246,555.55066,150,151,0,0,5,0.2209876146578448,0
CUS_0xa11c,2023-05-01,43,3,5,275,218,7,6,7,7,48,14,273,7,483,22.85067,214,168,206,133.87787,470,402,365,0,6,0.2193878698765473,0
CUS_0xa12,2023-05-01,24,1,0,103,64,6,7,34,3,22,8,256,7,227,25.364162,9,186,24,296.24664,432,126,361,0,5,0.3059717572953449,0
CUS_0xa1ab,2023-05-01,21,1,3,299,285,11,7,20,8,60,13,167,17,304,34.958324,19,135,332,280.84235,391,366,47,0,6,0.23952837888629894,0
CUS_0xa299,2023-05-01,31,1,0,442,420,4,6,11,0,10,2,420,6,81,35.8958,46,0,128,750.28375,175,0,110,0,4,0.30231867204591195,0
CUS_0xa29a,2023-05-01,24,1,3,464,414,6,4,0,3,28,27,297,0,255,38.5259,121,427,137,658.02496,32,420,120,0,4,0.26655206851986046,0
CUS_0xa2de,2023-05-01,22,1,3,51,32,7,8,31,2,14,26,186,8,345,30.051449,192,103,121,147.48709,1,86,39,0,4,0.22651480257961293,0
CUS_0xa300,2023-05-01,36,2,3,507,507,4,0,30,1,2,3,340,3,37,39.152912,140,55,120,1317.773,470,420,443,0,4,0.1961925097925203,0
CUS_0xa326,2023-05-01,26,1,2,87,52,11,7,16,9,48,13,268,11,251,39.948357,231,381,102,202.30644,439,384,416,0,6,0.1783321160785304,0
CUS_0xa342,2023-05-01,5,4,5,41,11,6,4,0,4,1,25,226,1,440,29.342163,193,242,229,744.263,74,242,109,0,4,0.2663021392883834,0
CUS_0xa37,2023-05-01,16,0,4,472,498,7,8,12,2,15,6,354,7,258,35.785652,19,40,304,331.24567,461,79,235,0,5,0.2586644828174244,0
CUS_0xa42f,2023-05-01,18,0,5,110,42,5,8,11,3,24,3,2,4,228,40.263725,64,224,414,280.63242,149,196,322,0,4,0.25567223978384235,0
CUS_0xa5ac,2023-05-01,32,1,0,460,426,7,8,33,3,5,13,38,1086,225,36.81217,246,136,263,459.3354,247,220,259,0,5,0.27919091398512547,0
CUS_0xa5b6,2023-05-01,28,1,1,44,479,8,4,4,1,10,5,26,3,467,23.885826,148,307,384,277.371,383,19,381,0,4,0.3180399431559006,0
CUS_0xa5be,2023-05-01,40,2,1,202,161,6,6,31,3,12,13,63,4,33,37.38439,45,312,223,400.42108,41,175,18,0,5,0.2295659887675319,0
CUS_0xa5ee,2023-05-01,36,2,1,167,97,3,6,29,1,7,0,411,4,411,26.213022,153,124,29,322.8012,276,64,329,0,2,0.22013487812493257,0
CUS_0xa66b,2023-05-01,27,1,0,249,229,6,6,12,3,16,9,72,8,87,31.139484,85,349,232,443.88278,308,178,8,0,5,0.3100355249800597,0
CUS_0xa685,2023-05-01,31,1,3,375,352,3,6,32,3,5,26,422,5,102,30.45439,118,407,360,636.3712,215,106,27,0,4,0.28557178843399944,0
CUS_0xa696,2023-05-01,1,4,3,504,397,12,8,33,6,8,2,99,7,223,37.482986,255,245,230,239.5064,227,360,225,0,5,0.3045801954054557,0
CUS_0xa6f4,2023-05-01,32,1,3,40,8,1,6,30,0,0,21,332,2,127,34.16209,82,0,447,746.2596,133,0,443,0,3,0.2806534827316112,0
CUS_0xa762,2023-05-01,13,0,1,321,289,1,2,2,0,15,4,228,4,76,34.150692,152,0,398,538.07404,260,0,93,0,4,0.3105144099465443,0
CUS_0xa77e,2023-05-01,21,1,3,143,63,7,7,14,6,25,7,164,13,299,38.847218,228,427,42,237.01668,440,420,369,0,6,0.22246151015402257,0
CUS_0xa7ea,2023-05-01,24,1,5,78,2,2,1,19,5,27,9,257,10,483,38.26744,41,274,374,262.55893,470,309,326,0,6,0.21336699554125652,0
CUS_0xa9f5,2023-05-01,8,4,0,75,40,8,9,21,3,38,11,424,16,209,26.396729,51,269,8,273.76953,435,243,375,0,6,0.31066568844171,0
CUS_0xaa15,2023-05-01,32,1,5,122,109,7,6,2,3,7,5,97,4,310,33.244766,141,240,357,334.31482,189,139,206,0,4,0.33509308999068965,0
CUS_0xaa52,2023-05-01,27,1,4,134,59,1,6,22,1,14,2,329,2,194,34.156197,77,85,15,312.5,121,413,355,0,4,0.22057386832035786,0
CUS_0xaa5b,2023-05-01,9,4,1,129,91,3,8,2,4,26,4,391,4,349,26.43143,109,325,87,246.28899,229,287,382,0,4,0.2943621880190821,0
CUS_0xaa85,2023-05-01,41,2,5,0,473,6,4,0,4,11,25,416,1,433,29.091902,116,119,447,478.606,90,166,443,0,4,0.2835826673575756,0
CUS_0xaac3,2023-05-01,43,3,1,24,477,5,8,32,4,21,9,44,3,162,30.235052,189,244,410,277.33865,153,289,400,0,4,0.2581039070114843,0
CUS_0xab17,2023-05-01,12,0,0,59,507,4,3,30,0,12,27,290,5,23,28.240627,167,0,447,990.3712,85,420,443,0,4,0.23895615721663796,0
CUS_0xab2,2023-05-01,11,0,2,309,265,6,0,11,1,3,21,8,6,284,25.2169,53,247,90,467.04886,75,40,216,0,3,0.22059774405820196,0
CUS_0xab92,2023-05-01,13,0,3,67,13,8,4,9,4,11,2,73,10,158,28.72883,55,285,387,280.21814,418,312,334,0,5,0.30209267414720575,0
CUS_0xac39,2023-05-01,16,0,0,74,70,2,9,14,9,19,18,170,12,322,26.181622,216,13,168,135.48244,456,397,442,0,4,0.30959063928929414,0
CUS_0xac41,2023-05-01,15,0,3,374,356,11,7,21,3,61,5,397,13,67,31.641386,242,80,447,200.12538,202,216,443,0,5,0.22728936370557826,0
CUS_0xac86,2023-05-01,6,4,1,13,487,5,4,0,0,7,24,24,1,421,39.24364,210,0,306,792.57904,6,0,246,0,4,0.3064130617372459,0
CUS_0xad38,2023-05-01,23,1,1,346,317,8,7,6,7,62,14,216,9,333,25.41173,229,183,136,293.54123,379,369,204,0,6,0.3314894129691192,0
CUS_0xad3d,2023-05-01,27,1,2,267,254,8,4,6,3,16,11,65,1136,420,28.967224,160,327,395,451.46762,210,125,111,0,5,0.3066926752709083,0
CUS_0xae34,2023-05-01,9,4,5,240,180,7,3,31,4,30,27,116,0,117,30.519691,92,425,368,339.30893,323,303,133,0,4,0.212160076300933,0
CUS_0xae79,2023-05-01,37,2,1,332,291,6,3,8,0,12,13,98,3,28,27.178858,160,0,443,533.3819,231,0,132,0,5,0.2896112488610558,0
CUS_0xb0e8,2023-05-01,11,0,2,181,148,6,8,8,4,23,9,280,4,57,33.462574,121,366,359,349.60056,47,265,158,0,5,0.3051634998152048,0
CUS_0xb115,2023-05-01,10,4,2,183,165,7,4,32,4,7,13,399,5,47,27.109324,235,363,272,391.16586,329,231,44,0,5,0.22420510093261906,0
CUS_0xb143,2023-05-01,14,0,1,272,258,8,1,19,6,21,10,451,12,221,30.971985,73,76,207,232.95544,366,321,331,0,6,0.27971089733015303,0
CUS_0xb14c,2023-05-01,28,1,5,278,243,7,3,9,4,14,4,197,4,218,32.63255,257,16,402,370.1918,364,270,131,0,5,0.2271509052279067,0
CUS_0xb1bc,2023-05-01,21,1,4,137,133,7,9,15,2,17,11,11,6,243,28.392996,241,219,328,351.85498,428,91,124,0,4,0.2031207562368741,0
CUS_0xb1dd,2023-05-01,42,2,3,35,36,6,3,1,1,15,7,12,2,1,23.076185,127,360,65,276.7268,398,10,413,0,4,0.284400019114177,0
CUS_0xb203,2023-05-01,24,1,4,481,453,7,1,14,7,30,14,254,7,483,34.851814,19,288,265,292.18314,470,375,233,0,6,0.19283352393762826,0
CUS_0xb250,2023-05-01,8,4,4,145,86,8,8,17,5,32,11,305,12,201,35.168503,30,367,66,244.00906,411,349,371,0,4,0.2592152770923837,0
CUS_0xb282,2023-05-01,18,0,1,45,27,3,3,22,2,18,12,42,2,432,34.456284,103,132,219,939.016,68,107,92,0,3,0.19739568296433507,0
CUS_0xb293,2023-05-01,6,4,0,410,378,5,8,22,3,19,12,426,5,443,39.670563,177,109,446,563.3925,135,237,70,0,3,0.2458475007705997,0
CUS_0xb3b0,2023-05-01,6,4,0,301,272,1,4,28,3,13,27,4,3,419,33.00143,70,320,370,479.72736,18,93,80,0,4,0.22157279141488853,0
CUS_0xb46b,2023-05-01,21,1,1,117,65,7,6,7,3,20,10,436,6,164,30.094612,236,281,43,272.21426,408,252,370,0,5,0.2036497257908943,0
CUS_0xb4e2,2023-05-01,19,0,2,268,244,4,7,3,3,24,2,71,1,463,27.100851,190,395,418,393.6828,238,215,138,0,4,0.3068435780916656,0
CUS_0xb4fd,2023-05-01,14,0,3,279,227,4,4,28,4,13,5,66,5,335,28.28577,164,8,298,108.544106,124,271,430,0,4,0.21989441400950904,0
CUS_0xb583,2023-05-01,29,1,0,251,212,1,0,32,3,9,0,346,5,177,24.804277,186,333,434,380.4181,54,173,174,0,2,0.28389419707511593,0
CUS_0xb59b,2023-05-01,21,1,4,498,451,4,3,0,1,2,24,319,4,101,41.17451,63,306,85,837.50885,152,12,69,0,4,0.283473873556191,0
CUS_0xb5b9,2023-05-01,43,3,3,39,9,4,6,30,1,3,22,220,4,445,38.01185,129,416,447,506.14862,76,35,443,0,3,0.26994354624468797,0
CUS_0xb70f,2023-05-01,28,1,3,313,283,0,4,33,10,3,27,293,7,80,23.339283,142,323,292,230.40987,269,95,405,0,4,0.30306909739523236,0
CUS_0xb744,2023-05-01,36,2,3,43,25,9,7,8,1,24,4,441,2,320,34.623142,210,417,148,1097.2566,27,31,60,0,5,0.24130045811525191,0
CUS_0xb82,2023-05-01,6,4,3,507,15,2,9,15,10,34,14,177,14,302,32.61959,218,427,415,257.14694,470,420,360,0,6,0.2120943915981056,0
CUS_0xb9ea,2023-05-01,20,0,0,486,450,7,8,27,6,61,8,147,11,295,28.296412,258,228,258,276.49503,464,304,221,0,6,0.2715059518104258,0
CUS_0xbaa8,2023-05-01,40,2,5,439,422,5,4,32,3,8,2,227,1,121,36.723045,156,68,345,716.20306,190,157,6,0,4,0.20742869360067573,0
CUS_0xbb6a,2023-05-01,24,1,4,161,75,5,8,3,1,10,26,291,8,455,25.358595,175,414,400,349.47034,322,16,277,0,4,0.336649979792367,0
CUS_0xbb94,2023-05-01,24,1,1,319,276,7,9,17,5,30,14,402,11,216,36.027527,12,57,153,316.02246,346,290,269,0,6,0.23071221287091442,0
CUS_0xbc05,2023-05-01,16,0,1,159,114,8,9,7,7,25,14,121,10,276,40.46812,45,30,201,119.970795,430,393,438,0,6,0.28522201786863777,0
CUS_0xbcca,2023-05-01,26,1,0,236,224,7,6,9,3,14,4,188,2,407,36.304855,171,286,447,245.91998,208,88,443,0,5,0.3068066222040606,0
CUS_0xbcf7,2023-05-01,16,0,3,306,269,11,7,15,2,19,14,229,14,190,22.903952,236,289,185,374.8907,336,73,303,0,6,0.27113146586838566,0
CUS_0xbd1e,2023-05-01,30,1,0,90,92,0,8,34,3,6,1,68,0,377,37.24441,119,232,424,328.18622,288,150,287,0,3,0.3170565032715774,0
CUS_0xbd29,2023-05-01,30,1,3,80,47,0,3,32,4,13,12,78,8,475,33.439423,200,302,74,239.60074,368,305,406,0,3,0.20148128783803165,0
CUS_0xbda2,2023-05-01,18,0,1,282,257,4,2,3,4,13,4,9,5,460,29.646221,115,392,362,446.98346,234,198,81,0,4,0.25481234509935013,0
CUS_0xbdf,2023-05-01,26,1,2,386,365,5,4,8,3,28,27,58,7,434,29.41825,191,33,140,534.4342,139,167,161,0,5,0.2125987685991203,0
CUS_0xbe20,2023-05-01,43,3,0,205,168,6,8,7,4,23,3,310,3,68,37.00379,140,379,339,380.48257,321,245,95,0,5,0.3594649347927906,0
CUS_0xbe64,2023-05-01,17,0,3,32,49,6,4,8,4,17,6,115,9,442,35.91041,108,212,321,344.5133,381,177,194,0,5,0.2620955369778297,0
CUS_0xbe7,2023-05-01,10,4,0,477,459,9,1,14,8,13,7,294,11,248,29.441849,58,326,235,284.34753,460,398,193,0,6,0.29775230046052,0
CUS_0xbe70,2023-05-01,27,1,4,415,393,8,1,26,5,61,9,296,12,263,40.30987,54,127,273,299.0379,466,250,283,0,5,0.24568287593547644,0
CUS_0xbf03,2023-05-01,30,1,3,207,189,4,7,22,3,1,28,307,2,62,38.109592,213,324,364,379.7674,317,168,123,0,2,0.24141574943738248,0
CUS_0xbf18,2023-05-01,20,0,5,451,423,8,9,24,8,20,14,207,10,483,26.89277,1,427,299,175.42302,470,420,285,0,6,0.18743505368489302,0
CUS_0xbfb5,2023-05-01,31,1,5,488,461,9,3,6,3,21,2,93,3,273,27.190445,60,134,169,665.2751,28,194,118,0,5,0.23418544717478462,0
CUS_0xbfeb,2023-05-01,27,1,5,394,370,4,3,21,2,23,6,412,7,202,39.110977,36,345,123,618.59406,255,62,137,0,4,0.23430444207920836,0
CUS_0xc0c8,2023-05-01,6,4,5,97,77,10,8,27,2,46,2,246,10,211,31.8161,82,83,103,260.58682,429,50,396,0,5,0.2633268377671728,0
CUS_0xc16d,2023-05-01,7,4,0,108,113,8,10,19,6,55,9,428,6,483,37.15791,235,389,76,231.71448,470,345,351,0,6,0.2555731649699785,0
CUS_0xc29a,2023-05-01,7,4,2,238,222,11,10,16,7,41,17,277,13,330,35.237076,225,67,45,300.52325,417,344,217,0,6,0.21883471347325475,0
CUS_0xc2f5,2023-05-01,26,1,3,405,386,4,4,28,4,6,23,89,7,334,30.447563,191,100,340,620.90704,58,223,9,0,3,0.2743009101429313,0
CUS_0xc30f,2023-05-01,31,1,5,438,419,4,6,32,3,12,10,95,1,367,32.115494,208,34,379,716.5504,73,123,19,0,4,0.20523415814663953,0
CUS_0xc319,2023-05-01,18,0,4,193,149,8,8,20,2,42,9,205,10,193,35.361954,251,292,447,263.39914,376,163,443,0,6,0.21067864853988622,0
CUS_0xc365,2023-05-01,9,4,3,399,364,9,8,34,2,3,2,56,5,124,39.047405,78,402,427,632.1765,205,98,65,0,4,0.23399726344958313,0
CUS_0xc475,2023-05-01,3,4,5,274,242,2,1,17,9,29,13,271,10,315,40.13252,258,203,216,82.615105,407,406,357,0,6,0.19792806160774723,0
CUS_0xc4b3,2023-05-01,14,0,5,98,34,6,11,0,1,11,24,236,2,136,27.30475,211,39,343,339.0065,402,52,265,0,4,0.2626573107674758,0
CUS_0xc515,2023-05-01,8,4,3,467,404,9,10,19,5,39,9,51,12,483,24.39648,7,239,348,263.1259,470,353,395,0,6,0.28528082856627546,0
CUS_0xc524,2023-05-01,28,1,0,252,206,5,6,3,0,29,11,190,11,70,38.77415,114,0,375,452.83264,299,0,125,0,5,0.3480108761904177,0
CUS_0xc526,2023-05-01,27,1,2,18,494,5,3,10,3,5,4,368,4,354,28.682356,104,175,447,458.5382,43,199,443,0,5,0.26180737659252507,0
CUS_0xc52a,2023-05-01,32,1,0,263,215,2,7,26,7,48,10,233,10,178,25.086176,20,84,23,318.10306,349,368,209,0,6,0.2803156393376183,0
CUS_0xc5b0,2023-05-01,32,1,0,295,279,5,8,22,0,10,3,438,4,428,31.30745,205,0,447,185.55937,198,0,443,0,5,0.24586684031336772,0
CUS_0xc62a,2023-05-01,23,1,1,400,389,7,8,13,9,56,9,250,7,483,38.510086,43,427,380,374.12057,470,420,28,0,6,0.295245619309798,0
CUS_0xc648,2023-05-01,26,1,5,232,193,6,7,34,2,14,13,311,5,364,38.344353,60,298,178,305.2008,162,124,353,0,4,0.16424474141996778,0
CUS_0xc65,2023-05-01,8,4,3,71,507,4,4,29,3,16,26,431,1,470,40.60539,191,268,270,799.438,71,420,443,0,4,0.2140583851775142,0
CUS_0xc6be,2023-05-01,8,4,1,326,273,4,2,2,1,5,26,426,0,379,30.32255,93,125,268,299.23758,142,3,393,0,4,0.2572759308336689,0
CUS_0xc704,2023-05-01,26,1,1,487,444,4,8,6,1,29,5,353,5,5,26.587679,19,303,240,733.197,128,13,196,0,5,0.26625243647311214,0
CUS_0xd35,2023-05-01,30,1,3,281,238,9,8,20,2,46,2,378,17,78,23.196966,67,300,233,291.9808,290,102,376,0,5,0.2850921775083686,0
CUS_0xd8e,2023-05-01,15,0,3,68,55,8,6,32,3,31,8,408,7,341,39.459164,170,213,317,308.98825,253,169,186,0,4,0.27895096035091205,0
CUS_0xdf5,2023-05-01,6,4,3,162,85,7,3,32,3,11,7,415,0,472,40.19696,204,233,179,209.78964,334,156,439,0,4,0.18981894756253945,0
CUS_0xe2f,2023-05-01,16,0,5,379,333,7,9,13,6,42,11,427,15,205,32.071163,97,427,447,136.9166,273,420,443,0,4,0.23082581619568682,0
CUS_0xe36,2023-05-01,15,0,4,331,299,9,10,19,10,51,4,288,10,294,31.956572,28,190,77,269.121,375,390,189,0,6,0.21562612545511825,0
CUS_0xf01,2023-05-01,21,1,5,208,152,0,6,29,3,21,12,21,7,139,28.16559,98,335,130,273.3443,343,224,341,0,3,0.20387786268786098,0
CUS_0xf45,2023-05-01,14,0,4,224,187,11,9,7,7,45,18,41,14,86,38.598793,10,98,181,178.20766,314,389,364,0,6,0.28022283604502823,0
CUS_0xf9f,2023-05-01,43,3,1,127,95,7,9,8,7,35,19,103,12,230,26.055609,248,331,437,292.8768,426,301,300,0,4,0.3421538589726702,0
